Catogory,Body
PROMOTION,"Dear Customer, catch the World Digital Premiere of Vijay Sethupathi's latest hit 'Viduthalai' & get Rs.400 OFF on your ZEE5 Premium! https://bit.ly/41J8teA"
PROMOTION,"Dear Patron,You have an Avantra by Trends voucher of Rs.500. Redeemable on shopping of Rs.1499.Visit the nearest store. Click bit.ly/3pONwh8 to visit us. T&C"
PROMOTION,"Dear Customer,Big Summer Sale on JioMart. Get up to 60% off on dry fruits,edible oils,atta,dal,basmati rice & more. Shop now- http://1kx.in/ilJLIO *TCA"
PROMOTION,"Maansarovar Honda: Dear Customer, insurance renewal of your bike Honda, is expiring in 15 days on 15 May. Your special price for a 1 Yr Own Damage Cover is Rs.996/- (incl. RSA)*. Renew at i.icicilombard.com/fuwxfr0n or call 7200013781 *Subject: Data Accuracy"
PROMOTION,"Order for Cons No 7100006044 is registered with Ref No.2-002874449993.Refil expected delivery: 2 days.Pay by https://payit.cc/I3050195645
INDANE"
PROMOTION,Relax and make most of your Sunday with KFC Sunday Feast now @42% off! Hurry and order now! bit.ly/42d2YEZ TnC*
PROMOTION,"Ek love story jisme hai bahot saare twists. Dekhe 'Hum Rahe Na Rahe Hum' JioTV par abhi
https://bit.ly/SMSJioTV4"
TRANSACTION,"Dear Mr BALAJI  THILAGAR, we are processing your policy generation request for issuance of a motor policy for Order ID ILAN3818263. You will receive a copy of your policy via email shortly"
PROMOTION,"Dear Mr BALAJI  THILAGAR, we are pleased to inform you that we have reduced our rates for the same coverage selected by you. We have initiated a partial refund of Rs 18. Your new policy number is 3005/O/289810056/00/000 against Order ID ILAN3818263. Download your policy certificate by clicking on {download_link} Please call 18002666 for queries"
TRANSACTION,"Dear Mr BALAJI  THILAGAR, ICICI Lombard has received your payment of Rs 761 for issuance of a motor policy for Order ID ILAN3818263. However, your policy will not be generated until you fill the remaining details on http://1kx.in/UwYM52byobc"
PROMOTION,TN22DW3255 Pollution Under Control Certificate is valid upto 16-May-2023. Kindly test your vehicle and get PUC certificate in time to avoid further action. MoRTH
TRANSACTION,"Dear Customer, Thank you for choosing ICICI Lombard General Insurance as your preferred Insurance partner. We have received your payment of Rs.743 against policy number 3005/O/289810056/00/000.Issuance of Policy is subject to Proposal acceptance and Premium realization. Team ICICI Lombard"
PROMOTION,"DearBALAJI, 
Bring home baby care products worth Rs.1500 or more, and avail cashback worth Rs.100. Code: BABY100
Tap https://rujq.in/klZrv0 Apollo24|7"
PROMOTION,"Dear Customer,7 Max Saving Days is Live on JioMart. Save big on all your monthly grocery shopping. Get up to 50% off. Shop now- http://1kx.in/3ytlfM *TCA"
PROMOTION,"Mr/Ms BALAJI,Thangamayil Summer Sale, 30gms Silver free for every 10gms of Gold* & Gift for every 1 Lakh purchase. Code XXXXXX Valid 31May bit.ly/SmRO23"
PROMOTION,"Dear customer,
We're sad to see you go.
Please tell us why you uninstalled the Licious app.
klr.pw/survey3
To opt-out, call: 08061914169
-Licious"
PROMOTION,"Mr/Ms BALAJI,Thangamayil Summer Sale, 30gms Silver free for every 10gms of Gold* & Gift for every 1 Lakh purchase. Code 0WYBI Valid 31May bit.ly/SmRO23"
PROMOTION,Life is better with YOUR favourite diamonds! Get NEW CaratLane designs home. Redeem xCLusive pts for a sweet deal. Shop now: http://1kx.in/iQKUVf TCA
PROMOTION,You have a special delivery :) Your Rs. 500 Shaya Voucher CSMU3TBX is here! Redeem on Silver Jewellery over Rs. 1500. Valid till 9th May. Shop Now: bit.ly/3AM0UrM
PROMOTION,"Dear customer, Your special discount of upto Rs.3000 purchase at grtjewels.com will expire soon, Wapp ""Hi"" to t.ly/wLEK  T&C"
PROMOTION,"Dear Patron,Celebrate Wedding & Festivities with Avantra By Trends. Get up to 20% Off* on shopping of Rs.4999 & above. Click bit.ly/3pONwh8 to visit us. T&C"
PROMOTION,"JioFiber! A One Stop Shop for your Entertainment Needs. Watch a variety of Genres from Comedy, Crime, Documentaries, Thrillers, Drama, Action, History, Horror & much more with 14 OTT Apps. Plans start at just Rs. 599/Month. Click www.jio.com/r/v39Fg09VK to book your JioFiber plan Now!"
PROMOTION,Save upto Rs765 by screaming! Shout HOWZZAT on the KFC app and get a finger lickin' good deal on Wednesday Strips Bucket. Order now! bit.ly/41WERud TnC*
PROMOTION,"Finest Wedding Jewellery only from Sree Kumaran Thangamaligai with the lowest price in market @TNagar, Velachery, Chrompet & Tiruvalur. bit.ly/3NlrXBM -SKTMCH"
PROMOTION,"Finest Wedding Jewellery only from Sree Kumaran Thangamaligai with the lowest price in market @TNagar, Velachery, Chrompet & Tiruvalur. bit.ly/3NlrXBM -SKTMCH"
TRANSACTION,"Invoice generated for Rs. 1118.5.Share DAC 3680 on delivery. Download eInvoice https://cx.indianoil.in/webcenter/portal/LPG/pages_h?cId=8623349979
INDANE"
PROMOTION,"Hi Balaji, Get Zebronics Bluetooth Speaker at Rs 499 + Extra 10% coupon, exclusively for you! Shop now on Tata Neu https://tneu.in/y1OxiSCZ T&C apply"
PROMOTION,"Repay your spends on HDFC Bank Credit Card No.XX6398 into EMI Right Now at Guaranteed best rate.
Continue with our New & Easy portal hdfcbk.io/F56ZEZTW5V73 TnC"
PROMOTION,"Dear BALAJI,
Book 2 Apollo Full Body Essential packages with 128 Health Credits. FLAT 25% OFF on the 2nd. Code: FULLBODY25. Tap https://yivt.in/ptAxSM"
TRANSACTION,"Units against Voluntary Contribution Rs.3,000.00 credited to PRAN XX2610, NAV of 02/05/23.Plan retirement with NPP.Click- https://bit.ly/3OY8K80 -Protean"
TRANSACTION,"PNR:4447909633,TRN:20682,DOJ:28-05-23,SL,APK-MS,DP:19:35,Boarding at APK only,
NEELAVENI,S7 57,
Fare:350,C Fee:17.7+PG
QR Code URL qr.indianrail.gov.in/ -IRCTC"
PROMOTION,"Hi, to get a new SIM, you can visit us at any near by Airtel store. To locate the store, click https://i.airtel.in/nearbyStore"
PROMOTION,"OTT + Music Combo for entertainment lovers like you!
Subscribe to Wynk Premium at just Rs.49/month and get 1 FREE OTT subscription on the Airtel Xstream app. Choose from OTTs like Sony LIV, LionsgatePlay & more.
Recharge today open.wynk.in/Wynkxmp"
PROMOTION,"JioFiber! A One Stop Shop for your Entertainment Needs. Watch a variety of Genres from Comedy, Crime, Documentaries, Thrillers, Drama, Action, History, Horror & much more with 14 OTT Apps. Plans start at just Rs. 599/Month. Click www.jio.com/r/v4ucBiYXJ to book your JioFiber plan Now!"
TRANSACTION,"Your order is delivered with invoice no. 5-103113597433. eInvoice & give feedback https://cx.indianoil.in/webcenter/portal/LPG/pages_rf?cId=8623349979
INDANE"
PROMOTION,Airtel 5G Plus is now live in your city. Join 10 million Airtel customers on 5G to enjoy up to 30X faster speeds & improved network coverage. Enjoy 5G speeds by recharging with Rs 19 for 1GB for a day. u.airtel.in/rch3.
PROMOTION,"Dear customer,
We're sad to see you go.
Please tell us why you uninstalled the Licious app.
klr.pw/survey3
To opt-out, call: 08061914169
-Licious"
PROMOTION,"Thriller, mystery & a lot of drama. Watch 'The Blacklist' on JioTV. Install now
https://bit.ly/SMSJioTV4"
PROMOTION,"JioFiber! A One Stop Shop for your Entertainment Needs. Watch a variety of Genres from Comedy, Crime, Documentaries, Thrillers, Drama, Action, History, Horror & much more with 14 OTT Apps. Plans start at just Rs. 599/Month. Click www.jio.com/r/v4Q64Mvb7 to book your JioFiber plan Now!"
PROMOTION,"JioFiber! A One Stop Shop for your Entertainment Needs. Watch a variety of Genres from Comedy, Crime, Documentaries, Thrillers, Drama, Action, History, Horror & much more with 14 OTT Apps. Plans start at just Rs. 599/Month. Click www.jio.com/r/v4QHL7wcT to book your JioFiber plan Now!"
PROMOTION,"Dear Customer, get upto Rs. 500000 limit on pre-approved BFL RBL Bank Super Card. Apply Now & get instant approval 
http://m.BajFin.in/KdREkKEA
 TnC"
TRANSACTION,"Dear Customer, Balance in your A/C XX6203 as on 05-05-2023 is Rs. 167.60. Get VDC for e-com transactions bit.ly/IPPB-MBApp Download App-IPPB"
PROMOTION,"Dear Firebird, Take your fashion quotient up a notch with our newest Tech Pro collection at a nearest Blackberrys store. Click to know more bit.ly/3LvAZti"
PROMOTION,"JioFiber! A One Stop Shop for your Entertainment Needs. Watch a variety of Genres from Comedy, Crime, Documentaries, Thrillers, Drama, Action, History, Horror & much more with 14 OTT Apps. Plans start at just Rs. 599/Month. Click www.jio.com/r/v5cH6iyxa to book your JioFiber plan Now!"
PROMOTION,Wedding & Celebration Collection by GRT Jewellers. Visit to Witness Stunning Designs. bit.ly/3NAa7Lq
PROMOTION,Wedding & Celebration Collection by GRT Jewellers. Visit to Witness Stunning Designs. bit.ly/3NAa7Lq
PROMOTION,"Mr/Ms BALAJI,Thangamayil Summer Sale, 30gms Silver free for every 10gms of Gold* & Gift for every 1 Lakh purchase. Code 0WYBI Valid 31May bit.ly/SmRO23"
TRANSACTION,"Dear BALAJI, 
One prescription but multiple pharmacy runs? No more! This payday, get 2-hr* delivery of medicines. Tap https://yivt.in/t4hr8j Apollo24|7"
TRANSACTION,Dear balaji FriendsForever! Thank you for your monthly advance amount of 3500 towards group code and membership no RAB - 7576. Did you checkout our new arrivals online at grtjewels.com/newarrivals. Use coupon code NEW500 to get Rs.500 off on Jewellery purchase above Rs.3999. Call or WAPP 7358251515.  T&C*
TRANSACTION,Dear balaji FriendsForever! Thank you for your monthly advance amount of 1500 towards group code and membership no RAB - 7577. Did you checkout our new arrivals online at grtjewels.com/newarrivals. Use coupon code NEW500 to get Rs.500 off on Jewellery purchase above Rs.3999. Call or WAPP 7358251515.  T&C*
TRANSACTION,Dear balaji FriendsForever! Thank you for your monthly advance amount of 3500 towards group code and membership no RAB - 7576. Did you checkout our new arrivals online at grtjewels.com/newarrivals. Use coupon code NEW500 to get Rs.500 off on Jewellery purchase above Rs.3999. Call or WAPP 7358251515.  T&C*
TRANSACTION,Dear balaji FriendsForever! Thank you for your monthly advance amount of 1500 towards group code and membership no RAB - 7577. Did you checkout our new arrivals online at grtjewels.com/newarrivals. Use coupon code NEW500 to get Rs.500 off on Jewellery purchase above Rs.3999. Call or WAPP 7358251515.  T&C*
TRANSACTION,Dear balaji FriendsForever! Thank you for your monthly advance amount of 25500 towards group code and membership no RAB - 7574. Did you checkout our new arrivals online at grtjewels.com/newarrivals. Use coupon code NEW500 to get Rs.500 off on Jewellery purchase above Rs.3999. Call or WAPP 7358251515.  T&C*
TRANSACTION,Dear balaji FriendsForever! Thank you for your monthly advance amount of 25500 towards group code and membership no RAB - 7574. Did you checkout our new arrivals online at grtjewels.com/newarrivals. Use coupon code NEW500 to get Rs.500 off on Jewellery purchase above Rs.3999. Call or WAPP 7358251515.  T&C*
PROMOTION,"S.M.S Thanga Maligai
Tomorrow shop open 10Am to 2pm 
Gold :5690
Silver :82.40
Coin :5815
Aruppukottai.
04566-220471,
9750970479
www.smsthangamaligai.com"
PROMOTION,Airtel 5G Plus is now live in your city. Join 10 million Airtel customers on 5G to enjoy up to 30X faster speeds & improved network coverage. Enjoy 5G speeds by recharging with Rs 19 for 1GB for a day. u.airtel.in/rch3.
TRANSACTION,"TicketNew Confirmation no is 153308/196918473 , PQDDEAAR on Sun 07/05 10:30 AM Executive Tkts-7 Theatre KLAS MAX SCREENS Thank you Seat-CC6 - 12 Ponniyin Selvan 2 (U/A) - Tamil, Cinema-Klas Max Screens - Aruppukkottai"
PROMOTION,"Dear BALAJI, 
Participate in the Quiz Hour - Power Edition & stand a chance to earn 100 Health Credits. Tap to play https://yivt.in/QHTbzc Apollo 24|7"
PROMOTION,"Dear Customer, Vijay Sethupathi's latest Blockbuster 'Viduthalai' is rated 8.5 on IMDB! RENEW & get Rs.400 OFF on your ZEE5 Premium https://bit.ly/42bBQGN"
PROMOTION,"Get Access To 550+ Live TV Channels, with content categories like News, Music, Sports, Entertainment Devotional, Movies,Business & much more.Use the Jio Remote to Play, Pause & Rewind any Channel. Find any content with Voice Search'. 
Click www.jio.com/r/v5yrKNDHf to book JioFiber Now! Plans start at just Rs 599/Month."
PROMOTION,"Hey BALAJI, Your personal loan offer of Rs.400000 from KreditBee partnered with FinBud is expiring soon on Tuesday. Apply Now http://f49.bz/hshAzH"
PROMOTION,"Combo of 2 postpaid SIMs, 40 Mbps Wi-Fi, & 12+ OTTs for just Rs 998! Add Airtel Fiber to your current Postpaid plan today. i.airtel.in/GetFiber"
PROMOTION,"Dear BALAJI,
Use your 100 Health Credits to book 2 Apollo Full Body packages. Get FLAT 25% OFF on the 2nd. Code: FULLBODY25. Tap https://yivt.in/r5atWc"
PROMOTION,Airtel 5G Plus is now live in your city. Join 10 million Airtel customers on 5G to enjoy up to 30X faster speeds & improved network coverage. Enjoy 5G speeds by recharging with Rs 19 for 1GB for a day. u.airtel.in/rch3.
PROMOTION,"Dear Patron,Celebrate Wedding & Festivities with Avantra By Trends. Get up to 20% Off* on shopping of Rs.4999 & above. Click bit.ly/3pONwh8 to visit us. T&C"
TRANSACTION,PDS Bill 56340523000041 Saree-1.0No/Dhoti-1.0No issued on 08.05.2023 for Rs.0.0/-. To complain forward to 9773904050 - TNEPDS
PROMOTION,"Dekhe Bindiya aur Payal ka masoom rishta naye show Suhaagan mein JioTV par
https://bit.ly/SMSJioTV4"
PROMOTION,"Get Access To 550+ Live TV Channels, with content categories like News, Music, Sports, Entertainment Devotional, Movies,Business & much more.Use the Jio Remote to Play, Pause & Rewind any Channel. Find any content with Voice Search'. 
Click www.jio.com/r/v5Vz6CcS0 to book JioFiber Now! Plans start at just Rs 599/Month."
PROMOTION,GLUCON D ...  and 1 other medicine are due for order. Pls visit nearby MedPlus Store or call 040-67006700 or re-order at https://mdpls.in/l990eo.
PROMOTION,Briha by GRT-An exquisite range of jewelry inspired & crafted by the art & architecture of the Cholas. Explore at your nearest GRT showroom. bit.ly/3KM7piP
PROMOTION,Last chance to redeem your gift! Your Rs. 500 Shaya Voucher CSMU3TBX expires today. Redeem Now on Silver Jewellery worth over Rs. 1500: bit.ly/41fiVtd
PROMOTION,Briha by GRT-An exquisite range of jewelry inspired & crafted by the art & architecture of the Cholas. Explore at your nearest GRT showroom. bit.ly/3KM7piP
PROMOTION,"Get Access To 550+ Live TV Channels, with content categories like News, Music, Sports, Entertainment Devotional, Movies,Business & much more.Use the Jio Remote to Play, Pause & Rewind any Channel. Find any content with Voice Search'. 
Click www.jio.com/r/v6grptVmK to book JioFiber Now! Plans start at just Rs 599/Month."
TRANSACTION,A/c *6069 Credited for Rs.1000 on 09-05-2023 13:01:32 by Mob Bk ref no 312999651072 Avl Bal Rs:62909.8 -Union Bank of India
PROMOTION,"Dear Customer, are savings important to you? Open a Zero Balance Savings Account with Kotak811 now: https://k811.in/4IMeju -KBank"
PROMOTION,"Dear Customer,

Sell your car at a GREAT PRICE.

Get instant quote & quick RC Transfer!

Miss call: 9319977102
Or
Click: http://gmg.im/eklvCD -CARS24"
PROMOTION,"Get Access To 550+ Live TV Channels, with content categories like News, Music, Sports, Entertainment Devotional, Movies,Business & much more.Use the Jio Remote to Play, Pause & Rewind any Channel. Find any content with Voice Search'. 
Click www.jio.com/r/v6Bi6fexb to book JioFiber Now! Plans start at just Rs 599/Month."
PROMOTION,Your Wednesday KFC treat! Get a flat 58% OFF on Wednesday Strips Bucket of 12 Chicken Strips & 4 dips! Order now bit.ly/3HWUHgt TnC*
PROMOTION,"Mr/Ms BALAJI,Thangamayil Summer Sale, 30gms Silver free for every 10gms of Gold* & Gift for every 1 Lakh purchase. Code 0WYBI Valid 31May bit.ly/SmRO23"
PROMOTION,"Hi, our engineer SarveshB§Adroit with mobile number 08123929274 is wanting to connect with you for the Airtel Xstream Fiber connection update."
TRANSACTION,"PNR:4802176551,TRN:12625,DOJ:20-05-23,SL,CBE-NDLS,DP:20:55,Boarding at CBE only,
MATHANAGOPAL,RLWL 56,
Fare:905,C Fee:17.7+PG
QR Code URL qr.indianrail. -IRCTC"
PROMOTION,Smart Savings at Apollo Pharmacy! Free Shower to Shower Talc On Medicine Purchase worth Rs.600 & More. Other Exciting Offers Click: https://bit.ly/3cz5aCx *T&C
PROMOTION,"Dear Investor, Please download your account statement for the recent transactions under folio 23164298 from link http://sms.iciciprumf.com/9bNL9596 The link is valid for 6 days. To know the steps to open the statement, click here. http://sms.iciciprumf.com/RgmXvRv5 - IPRUMF"
PROMOTION,"Dear Patron,Celebrate Wedding & Festivities with Avantra By Trends. Get up to 20% Off* on shopping of Rs.4999 & above. Click bit.ly/3pONwh8 to visit us. T&C"
PROMOTION,"Dear customer, We are glad to invite you to Dyson in-store Expert Styling Masterclass on May 13th and 14th at Vasanth & co, North Usman road, Call 93335 93335"
PROMOTION,"For us,every day is special as we get to adorn you for it, join us for an exclusive Exhibition of Chains (May 12-30th) at Tanishq 100 ft Road,Velachery store.Ph 9282113317 T&C"
PROMOTION,We miss you   MAX FASHION! Here's an exclusive offer for you GET Flat 10% OFF on full price Max merchandise Usecode: EW3RN4 Valid for 20/05/2023. Shop today! TnC
PROMOTION,"Dear Member, Stock up on your summer essentials with Himalaya Wellness & earn add. 10% points on min. bill of INR 500. Hurry! Offer valid till: 31 May'23. T&C"
PERSONAL,"Dear Customer, +918778345108 is now available to take calls."
TRANSACTION,"Dear Honda Customer, Your FSC Code to avail Free service is 327041. Kindly share with your dealer - Honda 2W."
PROMOTION,BALAJI Get Rs.1000 OFF on a purchase of Rs. 7500 or more at Titan World. Use PIN 1000141946077539 & CODE 196116 TC  mm7.in/MTPlBFx_Y3sE
PROMOTION,"S.M.S Thanga Maligai
Tomorrow shop open 10Am to 2pm..
Gold :5690
Silver :78.50
Coin :5815
Aruppukottai.
04566-220471,
9750970479
www.smsthangamaligai.com"
TRANSACTION,"You have earned 127 HC on your last transaction at Honda on 14-May, Current HC Bal. 2615. To avail benefit download the App http://onelink.to/947545  or call us at 1800-532-2555 - Honda Joy Club."
TRANSACTION,"You have earned 109 HC on your last transaction at Honda on 14-May, Current HC Bal. 2724. To avail benefit download the App http://onelink.to/947545  or call us at 1800-532-2555 - Honda Joy Club."
PROMOTION,Dear Patron.This Mother's Day show your love with a beautiful saree from Avantra. Use Code RTRRXIKHNX3105. Valid till 31May.Visit  bit.ly/3pONwh8. T&C
PROMOTION,"Dear Customer, Want to sell your car? Visit http://m.cars24.sh/w2q1YLr1nCm for a FANTASTIC deal and instant payment! Call +919355875183 today! - Cars24"
PROMOTION,"Dear Customer, get upto Rs. 200000 limit on pre-approved Bajaj Finserv RBL Bank Credit Card. Apply Now & get instant approval 
http://m.BajFin.in/TsQKdkAg
 TnC"
PROMOTION,"Dear Patron,Celebrate Wedding & Festivities with Avantra By Trends. Get up to 20% Off* on shopping of Rs.4999 & above. Click bit.ly/3pONwh8 to visit us. T&C"
PROMOTION,"In an active war zone, Bear Grylls Meets President Zelenskyy. Watch the amazing documentary on JioTV now
https://bit.ly/SMSJioTV4"
PROMOTION,"Hi Balaji, pTron TWS Earbuds worth Rs 3999 just for Rs 849 + Extra 10% coupon, exclusively for you! Shop on Tata Neu https://tneu.in/JNgKzTZR T&C apply"
PROMOTION,"Dear customer, Your special discount of upto Rs.3000 purchase at grtjewels.com will expire soon, Wapp ""Hi"" to t.ly/wLEK  T&C"
PROMOTION,"Dear customer, Your special discount of upto Rs.3000 purchase at grtjewels.com will expire soon, Wapp ""Hi"" to t.ly/wLEK  T&C"
PROMOTION,"Dear Patron,Celebrate Wedding & Festivities with Avantra By Trends. Get up to 20% Off* on shopping of Rs.4999 & above. Click bit.ly/3pONwh8 to visit us. T&C"
PROMOTION,"Dear Patron,Celebrate Wedding & Festivities with Avantra By Trends. Get up to 20% Off* on shopping of Rs.4999 & above. Click bit.ly/3pONwh8 to visit us. T&C"
PROMOTION,Airtel 5G Plus is now live in your city. Join 10 million Airtel customers on 5G to enjoy up to 30X faster speeds & improved network coverage. Enjoy 5G speeds by recharging with Rs 19 for 1GB for a day. u.airtel.in/rch3.
PROMOTION,Now use your 226 Points earned via HDFC Times Points Debit Card to get FREE premium audio @Pocket FM. *T&C https://bit.ly/3W888QR
PROMOTION,Your Wednesday KFC treat! Get a flat 58% OFF on Wednesday Strips Bucket of 12 Chicken Strips and 4 dips! Order now bit.ly/3Mx0PPs TnC
TRANSACTION,"Dear Customer, Payee SappLoan has been added successfully and will be activated after 1mins, Reference ID 313721392825. You can initiate fund transfer once payee is activated. -Union Bank of India"
TRANSACTION,"Dear Customer, Payee SappLoan has been added successfully and will be activated after 1mins, Reference ID 313721392825. You can initiate fund transfer once payee is activated. -Union Bank of India"
PROMOTION,Airtel 5G Plus is now live in your city. Join 10 million Airtel customers on 5G to enjoy up to 30X faster speeds & improved network coverage. Enjoy 5G speeds by recharging with Rs 19 for 1GB for a day. u.airtel.in/rch3.
PROMOTION,Wedding & Celebration Collection by GRT Jewellers. Visit to Witness Stunning Designs. bit.ly/3NAa7Lq
PROMOTION,"Your TenderCuts elite subscription has expired, please renew now to unlock free deliveries & exclusive discounts."
TRANSACTION,"PNR:4148706574,TRN:16160,DOJ:20-05-23,SL,CBE-MS,DP:15:45,Boarding at CBE only,
MATHANAGOPAL,S6 29,
Fare:850,C Fee:17.7+PG
QR Code URL qr.indianrail.gov. -IRCTC"
PROMOTION,"Urgent !!!

For the benefit of customers, locker agreement has been revised basis RBI direction.
Kindly re-submit your agreement for HDFC Bank Locker no 116 at your Locker Branch. Don't forget to sign this when you're visiting the branch along with other holders. Please
ignore if already submitted"
PROMOTION,We are eager to know your feedback on the usage of MyJio app. Please click www.jio.com/r/LgOP485n0 to share your feedback.
PROMOTION,"Hi Balaji, OnePlus Bullets Z2 Neckband from Rs 1799 + Extra 10% coupon, exclusively for you! Shop now on Tata Neu https://tneu.in/fhr6ltpm T&C apply"
TRANSACTION,PNR 4802176551 ticket cancelled. Amt 845 will be refunded within 3-4 days. Please check your account/instrument from which this tkt was booked.-IRCTC
TRANSACTION,"Dear Customer, Balance in your A/C XX6203 as on 20-05-2023 is Rs. 167.60. BANK WILL NEVER ASK FOR OTP. bit.ly/IPPB-MBApp Download App-IPPB"
PROMOTION,"Mr/Ms BALAJI,Thangamayil Summer Sale, 30gms Silver free for every 10gms of Gold* & Gift for every 1 Lakh purchase. Code 0WYBI Valid 31May bit.ly/SmRO23"
PROMOTION,"BALAJI, Shop for your styling & gifting needs with FLAT 20% + 10% OFF at Titan World. Explore Titan Raga, Edge, Tommy TC mm7.in/MjCrAO42yjIE"
PROMOTION,"Dear Passenger,
You can get food delivered at train seat for your MS trip with IRCTC eCatering: http://ir-ctc.in/4148706574 -IRCTC"
PROMOTION,"Hi Balaji, Split ACs from LG, Voltas & more from Rs 23990 + Extra Rs 1000 off + Exchange upto Rs 4000. Shop on Tata Neu https://tneu.in/wiBPE7TO T&C apply"
PERSONAL,"Dear Customer, You have a missed call from +919047221076 The last missed call was at 02:18 PM on 20-May-2023 Thankyou, Team Jio."
PROMOTION,"Package of 2 postpaid SIMs, 40 Mbps Wi-Fi, & 12+ OTTs for just Rs 998! Add Airtel Fiber to your current Postpaid plan today. i.airtel.in/GetFiber"
PROMOTION,Airtel 5G Plus is now live in your city. Join 10 million Airtel customers on 5G to enjoy up to 30X faster speeds & improved network coverage. Enjoy 5G speeds by recharging with Rs 19 for 1GB for a day. u.airtel.in/rch3.
PROMOTION,"Shine brighter with Mia by Tanishq's Gift Voucher worth Rs 5000/- (No.1005266015893339 PIN.199343) Visit your nearest Mia or Tanishq stores to avail this on the purchase of Mia diamond jewellery worth Rs 30,000/- or more. Gift Voucher valid till 31st May 23 ,T&C Apply."
PROMOTION,"21.05.23 Shop open 10Am to 2pm 
Gold :5680
Silver :79.00
Coin :5805
S.M.S Thanga Maligai
Aruppukottai.
04566-220471,
9750970479
www.smsthangamaligai.com"
PROMOTION,"Hello Customer, Your id  is selected as our VIP customer. Get 10000rs joining bonus now open  https://wa.me/ 254789174357 --Online Dekho Team"
TRANSACTION,A/c *6069 Credited for Rs.1 on 21-05-2023 15:12:39 by Mob Bk ref no 314117993280 Avl Bal Rs:66674.8 -Union Bank of India
PROMOTION,Your A/c has been credited with...First Salary gifts! Gift a CaratLane to celebrate the one who always puts you first. Shop now: http://1kx.in/TbCpb7
TRANSACTION,A/c *6069 Credited for Rs.250 on 21-05-2023 19:31:37 by Mob Bk ref no 314125533748 Avl Bal Rs:66924.8 -Union Bank of India
PROMOTION,"Hey BALAJI , Your loan money of up to Rs 9 Lakh is ready. With Airtel Flexi Credit, avail low interest rates, no paperwork & get loan disbursed within minutes. Apply Now i.airtel.in/DMILLPM"
PROMOTION,"Dear Customer, Get HITECH 'NALAM' Health package @just Rs.1799/- Book home visit-  Call 9150699499 / https://bit.ly/3Me0YHn"
PROMOTION,Come & experience the latest exquisite collection at your nearest GRT Jewellers showroom and redefine your style.  bit.ly/2MEEgw7. T&C Apply
PROMOTION,"Dear Customer, want to save without the pressure of monthly balance? Switch to Kotak811 zero balance account now: https://kotk.in/9bM47P -KBank"
PROMOTION,"Dear sir, Get BANK OD upto 5 CRORES Under Govt CGTMSE Scheme in 7 Days. Min 3 Cr Turnover in FY 22-23. Mr.Vignesh 9087123888 BANK STAFF MSME FINANCE T&C"
PROMOTION,"Dear customer, your Honda 2 wheeler is due for service. For Booking or more information call-8939890476/9566281464.Maansarovar Honda."
,
PROMOTION,Machi get flat 58% off on KFC Peri Peri Strips Bucket da! Order now and enjoy KFC Chicken Veliyea crunchy Ullae juicy! bit.ly/3MQPTLB TnC
PROMOTION,"Hope you and your family are safe. Please do not drive your car in flooded areas. Incase, your car is submerged in water, do not start the car and tow it to nearest workshop. Choose parking spaces away from trees/lamp posts as they may cause damage to your car incase of falling. Team HDFC ERGO"
PROMOTION,"Hope you and your family are safe. Please do not drive your car in flooded areas. Incase, your car is submerged in water, do not start the car and tow it to nearest workshop. Choose parking spaces away from trees/lamp posts as they may cause damage to your car incase of falling. Team HDFC ERGO"
TRANSACTION,"Jio Number 9363626200 booked by you for TN is available till 06-06-2023 06:47 PM
Transaction ID : CN000000IF8H
Booking Code : 4BDC8FCDC9
To activate, visit nearest Jio Store/Retailer or book home delivery by giving a missed call on 7000070000."
PROMOTION,"Transaction Done! Rs.45,000 is credited in your Direct A/c on 25-may-2023 Download and Withdraw it now:- tk.p2r.in/ehOZaT3aK SKYLED"
PROMOTION,"This #PlatinumSeasonOfLove, celebrate with rare platinum Jewellery from GRT Jewellers. Know more: shorturl.at/beIS2"
PROMOTION,"Dear Customer, EXTRA BENEFIT on your Pre-Qualified Flipkart Axis Bank Credit Card. 5% Cashback on all txns. NO INCOME DOC REQURIED!

http://fkrt.it/OZjLPENNNN"
PERSONAL,"Dear Customer, You have a missed call from +918248563027 The last missed call was at 09:30 AM on 26-May-2023 Thankyou, Team Jio."
PERSONAL,"Dear Customer, You have a missed call from +918248563027 The last missed call was at 09:33 AM on 26-May-2023 Thankyou, Team Jio."
TRANSACTION,"Jio Number 9363626200 booked by you for TN is available till 06-06-2023 06:47 PM
Transaction ID : CN000000IF8H
Booking Code : 4BDC8FCDC9
To activate, visit nearest Jio Store/Retailer or book home delivery by giving a missed call on 7000070000."
PROMOTION,"Dear Patron,Celebrate Weddings&Festivities with Avantra By Trends. Get exciting offers&gifts on shopping of 4999 & above. Click bit.ly/3pONwh8 to visit us. T&C"
PROMOTION,Introducing TRINKA Collection by ORIANA from GRT. A range of intricate & beautiful designs for everyday wear for all 7 days of the week. bit.ly/3pIDy3U
PROMOTION,"Dear BALAJI T, Your HDFC Bank Virtual RM - Mohammed Thoufeeq had tried reaching you! Please call back on 04226660223 for all your Banking needs between 9.30 AM to 6.30 PM (except Sundays and Bank holidays).
To save your RM's contact, click here - hdfcbk.io/a/AZYNK43w .
Here's a list of pre-approved offers made especially for your needs!
To find out more hdfcbk.io/a/pykwd2M6"
PROMOTION,"Dear Customer, Restock your contact lens box on Lenskart & continue your hassle-free, crystal clear viewing experience!

App lskt.me/x8

Call us +918068864556"
,"FREE Xstream TV Box is YOURS! 
Combo of 2 SIMs, 250+ TV Channels & OTT benefits at just Rs 799!
Upgrade to Airtel Black today & enjoy our premium service"" i.airtel.in/GetFiber
"
PERSONAL,9786836803
PROMOTION,"Hi Balaji, Air Coolers from Symphony, Bajaj & more from Rs 3990 + Extra Rs 500 + 5% NeuCoins! Shop now on Tata Neu https://tneu.in/4l9h73ID T&C apply"
TRANSACTION,"Jio Number 9363626200 booked by you for TN is available till 06-06-2023 06:47 PM
Transaction ID : CN000000IF8H
Booking Code : 4BDC8FCDC9
To activate, visit nearest Jio Store/Retailer or book home delivery by giving a missed call on 7000070000."
PROMOTION,"Dear sir, Get BANK OD upto 5 CRORES Under Govt CGTMSE Scheme in 7 Days. Min 3 Cr Turnover in FY 22-23. Mr.Vignesh 9087123888 BANK STAFF MSME FINANCE T&C"
PROMOTION,"BALAJI, Get Rs.1000 OFF on a purchase of Rs.7500 or more at Titan World. Use PIN 1000141946077539 & CODE 196116 TC mm7.in/MjdiP7XC2oAE"
PROMOTION,"Dear Patron,Finest range of ethnicwear @Avantra by Trends Redeem your MCoupon to get Rs500 OFF on shopping of Rs1999 or more. Valid Till 31May.T&C"
PROMOTION,"28.05.23 Shop open 10Am to 2pm 
Gold :5620
Silver :77.00
Coin :5745
S.M.S Thanga Maligai
Aruppukottai.
04566-220471,
9750970479
www.smsthangamaligai.com"
TRANSACTION,"Jio Number 9363626200 booked by you for TN is available till 06-06-2023 06:47 PM
Transaction ID : CN000000IF8H
Booking Code : 4BDC8FCDC9
To activate, visit nearest Jio Store/Retailer or book home delivery by giving a missed call on 7000070000."
PROMOTION,"Dear Customer, want to sell your car at a fantastic price? Book a free inspection now.Call +919355875185 or click http://m.cars24.sh/yTTjrW4lSYr -CARS24"
PROMOTION,"Hi Balaji, Limited Period Offer - realme Earbuds at just Rs 1499 + Extra coupon, only for you! Shop now on Tata Neu https://tneu.in/ml861qQV T&C apply"
PROMOTION,"Greatest tennis stars in action! Watch Roland Garros 2023 LIVE on JioTV
https://bit.ly/SMSJioTV4"
PROMOTION,Airtel 5G Plus is now live in your city. Join 10 million Airtel customers on 5G to enjoy up to 30X faster speeds & improved network coverage. Enjoy 5G speeds by recharging with Rs 19 for 1GB for a day. u.airtel.in/rch3.
TRANSACTION,"Dear LG customer RNP230530065887 is given to DINESHKUMARS 7824838337. After completion of your work to your satisfaction please share the Happiness Code : 54398 with our Service Engineer to close your Service request. You can also visit us for further support on https://lg-chatbot.com/web/il?locale=en_IN

"
PROMOTION,"Dear 90033046XX,
Call: 9999844169
to sell your car hassle-free for a wonderful price.
Book a home inspection today.
Visit: 1pr.in/D9hI3Y31
-CARS24"
PROMOTION,"Hit the play button and enjoy Saregama Music. Streaming now on JioTV
https://bit.ly/SMSJioTV4"
PROMOTION,"Ghar Baithe karo apna insurance plan secure, PayBima ke Right Advisor In home consultation ke saath. Contact us today. T&C Mahindra Insurance Brokers Ltd. https://m1.mahdr1.com/JzxdJM4"
PROMOTION,Enjoy 58% off on KFC Wednesdays! Get 12 Chicken Strips and 4 dips today! Order now! bit.ly/43zzoKp TnC
PROMOTION,"Today is most auspicious PANDAVA NIRJALA Ekadashi, please support ISKCON for free food Annadaan to poor,
www.iskconmeal.com
Save Tax-80G
7386108768
Hare Krishna"
PROMOTION,"PayDay Week is here - Get Great Offers on Daily Essentials, Health & Wellness Products at Apollo Pharmacy or Apollo 247 App. Offers: https://bit.ly/3cz5aCx"
PROMOTION,Airtel 5G Plus is now live in your city. Join 10 million Airtel customers on 5G to enjoy up to 30X faster speeds & improved network coverage. Enjoy 5G speeds by recharging with Rs 19 for 1GB for a day. u.airtel.in/rch3.
PROMOTION,"Mr/Ms BALAJI,Thangamayil's Kalyana parisu, Buy 10 grams of Gold Jewelry & get 30 grams of Silver free* Hurry! Offer valid till 3-July bit.ly/Kgft23"
PROMOTION,"Dear Customer, Redeem your RelianceOne points on AJIO Big Bold Sale with up-to 50-90% OFF on Top brands. Go Shop now: https://bit.ly/3N1stUJ"
PROMOTION,"Hi Balaji, This is a TEST SMS. If you have received this as FLASH, kindly save this SMS and fill out this short form. Link: bit.ly/CheggFlashtest Chegg"
TRANSACTION,Dear balaji FriendsForever! Thank you for your monthly advance amount of 3500 towards group code and membership no RAB - 7576. Did you checkout our new arrivals online at grtjewels.com/newarrivals. Use coupon code NEW500 to get Rs.500 off on Jewellery purchase above Rs.3999. Call or WAPP 7358251515.  T&C*
TRANSACTION,Dear balaji FriendsForever! Thank you for your monthly advance amount of 3500 towards group code and membership no RAB - 7576. Did you checkout our new arrivals online at grtjewels.com/newarrivals. Use coupon code NEW500 to get Rs.500 off on Jewellery purchase above Rs.3999. Call or WAPP 7358251515.  T&C*
TRANSACTION,Dear balaji FriendsForever! Thank you for your monthly advance amount of 25500 towards group code and membership no RAB - 7574. Did you checkout our new arrivals online at grtjewels.com/newarrivals. Use coupon code NEW500 to get Rs.500 off on Jewellery purchase above Rs.3999. Call or WAPP 7358251515.  T&C*
TRANSACTION,Dear balaji FriendsForever! Thank you for your monthly advance amount of 25500 towards group code and membership no RAB - 7574. Did you checkout our new arrivals online at grtjewels.com/newarrivals. Use coupon code NEW500 to get Rs.500 off on Jewellery purchase above Rs.3999. Call or WAPP 7358251515.  T&C*
TRANSACTION,Dear balaji FriendsForever! Thank you for your monthly advance amount of 1500 towards group code and membership no RAB - 7577. Did you checkout our new arrivals online at grtjewels.com/newarrivals. Use coupon code NEW500 to get Rs.500 off on Jewellery purchase above Rs.3999. Call or WAPP 7358251515.  T&C*
TRANSACTION,Dear balaji FriendsForever! Thank you for your monthly advance amount of 1500 towards group code and membership no RAB - 7577. Did you checkout our new arrivals online at grtjewels.com/newarrivals. Use coupon code NEW500 to get Rs.500 off on Jewellery purchase above Rs.3999. Call or WAPP 7358251515.  T&C*
,"Dear Customer, +919486177119 is now available to take calls."
PROMOTION,"Dear Patron,Celebrate Weddings&Festivities with Avantra By Trends. Get exciting offers&gifts on shopping of 4999 & above. Click bit.ly/3pONwh8 to visit us. T&C"
PROMOTION,"Dear Parent, Our Android/iOS application for parent is available for downloaded from Playstore: http://android.timetoschool.com/ and Apple Store: NA. Your User ID and Password will be Mobile No & child date of birth(DDMMYYYY) . It is mandatory to change your password on your first login for security purposes - TimeToSchool"
PROMOTION,"Finest Wedding Jewellery only from Sree Kumaran Thangamaligai with the lowest price in market @TNagar, Velachery, Chrompet & Tiruvalur. bit.ly/3NlrXBM -SKTMCH"
PROMOTION,"Finest Wedding Jewellery only from Sree Kumaran Thangamaligai with the lowest price in market @TNagar, Velachery, Chrompet & Tiruvalur. bit.ly/3NlrXBM -SKTMCH"
PROMOTION,"Dear Customer, It's Pay Day. Time to treat yourself! Get 2 frames @ 1500 with Premium Anti-glare Lenses from Lenskart. TnC

Store: lskt.me/m8

App: lskt.me/q8"
PROMOTION,We miss you @ MAX FASHION! Here's an exclusive offer for you GET Flat 10% OFF on full price Max merchandise Usecode: 86IPZ6 Valid for 09/06/2023. Shop today! TnC
PROMOTION,"BALAJI, your favourite Velachery Fastrack Store is here with a whole new look Drop by and enjoy 10% OFF at the store surl.li/hhfxz Ring us: 04448555462 T&C"
PROMOTION,"Dear BALAJI, 
Only pants your kid needs for a comfy day! Shop for MamyPoko pants at up to 30% OFF! Get 2-hr* delivery https://trtn.in/X1YYeH Apollo24|7"
PROMOTION,Airtel 5G Plus is now live in your city. Join 10 million Airtel customers on 5G to enjoy up to 30X faster speeds & improved network coverage. Enjoy 5G speeds by recharging with Rs 19 for 1GB for a day. u.airtel.in/rch3.
PROMOTION,"Salary week special from MAX FASHION!!
Grab FLAT 50% on select merchandise across Max stores.
Hurry, limited period offer!
TnC"
TRANSACTION,PDS Bill 429610623000096 R.Rice-8.0kg/Sugar-2.0kg/B.Rice-10.0kg/P.Oil-1.0pkt/T.Dhall-1.0kg/Wheat NPHH-2.0kg issued on 03.06.2023 for Rs.105.0/-. To complain forward to 9773904050 - TNEPDS
PROMOTION,"Battle of Manchester! Tune in to watch the FA Cup Final on JioTV
https://bit.ly/JioTV_FAFinal"
PROMOTION,"GRT Jewellers Dazzling Diamond Festival, Get upto 25% off on Diamonds & Uncut Diamonds, enjoy exciting offers on platinum,T&C. bitly.ws/GMTj"
PROMOTION,"Hi Balaji, Samsung Galaxy A34 5G smartphone starting Rs 27999 + Additional 10% off, only for you! Shop now on Tata Neu https://tneu.in/Je6B0LzW T&C apply"
PROMOTION,"04.06.23 Shop open 10Am to 2pm 
Gold : 5630
Silver :77.80
Coin :5755
S.M.S Thanga Maligai
Aruppukottai.
04566-220471,
9750970479
www.smsthangamaligai.com"
PROMOTION,Airtel 5G Plus is now live in your city. Join 10 million Airtel customers on 5G to enjoy up to 30X faster speeds & improved network coverage. Enjoy 5G speeds by recharging with Rs 19 for 1GB for a day. u.airtel.in/rch3.
PROMOTION,Just one last step to complete your OlaMoney Wallet KYC - Get your original document verified in the ride: https://hello.ola.app/RyaE8MIZRW
PROMOTION,"Dear Balaji T , plan to achieve all your life's goals and ambitions. Build a better financial future with Savings and Investment Plans from HDFC Life and also avail a life cover. Click mm7.in/MDQnlK5JXLsE to know more. T&C Apply - HDFC Life"
PROMOTION,"Dear Patron,Celebrate Weddings&Festivities with Avantra By Trends. Get exciting offers&gifts on shopping of 4999 & above. Click bit.ly/3pONwh8 to visit us. T&C"
PROMOTION,Apply and get a higher Loan amount! Download the True Balance app and get Cash Loan upto 1 lakh in just a few simple clicks. T&C Apply http://qz5.in/hH4j3a B2B
PROMOTION,"Dear Customer, all you need is 5 minutes! Open a digital savings account with Kotak811 and level up your banking instantly: https://kotk.in/efNkIx -KBank"
PROMOTION,"Hi Balaji, Samsung Galaxy A54 5G smartphone starting Rs 35999 + Additional 10% off, only for you! Shop now on Tata Neu https://tneu.in/ovi5VRQz T&C apply"
PROMOTION,Airtel 5G Plus is now live in your city. Join 10 million Airtel customers on 5G to enjoy up to 30X faster speeds & improved network coverage. Enjoy 5G speeds by recharging with Rs 19 for 1GB for a day. u.airtel.in/rch3.
TRANSACTION,"Dear Investor, Your SIP Purchase of Rs.1,999.90 in Folio 23164298 in Value Discovery Fund - Growth for 6.870 units has been processed for NAV of 291.1 on 05-Jun-2023 - IPRUMF"
TRANSACTION,"Dear Customer, Balance in your A/C XX6203 as on 06-06-2023 is Rs. 167.60. Bank will NEVER send any link for KYC/PAN verification-IPPB"
PROMOTION,"Dear Balaji T , protect the financial future of your loved ones from life's uncertainties. Build a better financial future with Protection Plans from HDFC Life and enjoy peace of mind. Click Click mm7.in/MDZsVvZXKNUE to know more. T&C apply - HDFC Life"
PROMOTION,"Dear, 
want to sell your car from the comfort of your home? 
Book a convenient home inspection now! 

Call 9319977102 
or 
click http://gmg.im/epof7j 
-CARS24"
PROMOTION,Airtel 5G Plus is now live in your city. Join 10 million Airtel customers on 5G to enjoy up to 30X faster speeds & improved network coverage. Enjoy 5G speeds by recharging with Rs 19 for 1GB for a day. u.airtel.in/rch3.
TRANSACTION,"Your claim no OC-24-9988-4014-00000396 has been registered to our BAGIC claims team for primary check. For more information, please get in touch with our branch office."
TRANSACTION,"Dear Customer, Your loss claim intimations has been raised successfully, please note your claim reference number OC-24-9988-4014-00000396. Please upload KYC documents, Cancelled CHQ, Loss Photos and other available documents for initial scrutiny. Our Local claim team will contact you very soon for further actions, click to upload Documents https://bit.ly/37kLJV7 Caringly Yours BAGIC (Commercial Claims Dept.)"
TRANSACTION,"Your SIP Purchase in Folio 19920082/96 under HDFC Large and Mid Cap Fund-Reg Gr for Rs. 1,999.90 has been processed at the NAV of 211.978 for 9.434 units and 05-Jun-2023. Your smart statement https://cams.co.in/5vIBbc6zaJj. Enter your PAN as the password. Sincerely, HDFCMF"
PROMOTION,"Dear Patron,Celebrate Weddings&Festivities with Avantra By Trends. Get exciting offers&gifts on shopping of 4999 & above. Click bit.ly/3pONwh8 to visit us. T&C"
PROMOTION,"Dear Member, Grab your favourite Himalaya products & enjoy add. of 10% bonus points (min bill of INR 600/-). Hurry! Offer valid till 30-Jun-23. T&C* -Himalaya"
PROMOTION,Flat 58% off on the Spicy-licious KFC Wednesday Strips Bucket loaded with 12 Peri Peri Strips and 4 dips! Order now and binge on! bit.ly/3WPuqaa TnC
PROMOTION,"Dear, 
want to sell your car from the comfort of your home? 
Book a convenient home inspection now! 

Call 9319977102 
or 
click http://gmg.im/gBbOjS 
-CARS24"
PROMOTION,IPPB staff never ask for your account details or OTP for KYC updation. Don't click on any anonymous link otherwise you may become victim of Cyber Fraud. - IPPB
PROMOTION,"Dear sir, Get BANK OD upto 5 CRORES Under Govt CGTMSE Scheme in 7 Days. Min 3 Cr Turnover in FY 22-23. Mr.Vignesh 9087123888 BANK STAFF MSME FINANCE T&C"
TRANSACTION,"Order for Cons No 7100006044 is registered with Ref No.2-002958090467.Refil expected delivery: 2 days.Pay by https://payit.cc/I3139700287
INDANE"
PROMOTION,"Dear Customer,TRENDS SHOPPING FESTIVAL is Back!!! Shop for Rs3999 & Get apparel worth Rs3999 FREE. Offer valid on ALL Products till 11th June'23.HURRY. T&C"
PROMOTION,"Dear Customer, Health Insurance now at affordable prices. Protect your family with Niva Bupa Health Insurance Plans. Visit https://eej.at/8ZK7zoN6"
PROMOTION,"Dear Customer, Health Insurance now at affordable prices. Protect your family with Niva Bupa Health Insurance Plans. Visit https://eej.at/4rhE6DYs"
TRANSACTION,"Invoice generated for Rs. 1118.5.Share DAC 8165 on delivery. Download eInvoice https://cx.indianoil.in/webcenter/portal/LPG/pages_h?cId=8874271401
INDANE"
PROMOTION,"Congrats BALAJI, you are 1 step away to get a loan of Rs. 5 lakhs from L&T partnered with FinBud. Apply Now http://f49.bz/hKkeX6"
PROMOTION,"HareKrishna
ISKCON has distributed more than 4 Crore meals to needy during last 3 years
Please support daily Annadaan, donate at www.iskconmeal.com
SaveTax-80G"
PROMOTION,"Hi Balaji, yeh SBI Card offer ke saath :
- 5L tak credit limit
- Pre-qualified offer
- 0 income docs
Check karein. TnC laagu bnkbzr.co/7nOMwNGdVXa"
PROMOTION,"Dear Customer, Modern styles with Indian twist, Starting at Rs.2000 from Indian Accent collection. Shop now on Lenskart! TnC

Store lskt.me/m8

App lskt.me/i8"
PROMOTION,"Dear Customer, Big savings are calling you! Enjoy banking with no monthly minimum balance and upto 4% interest p.a with Kotak811. https://kotk.in/nwQLut -KBank"
PROMOTION,We miss you @ MAX FASHION! Here's an exclusive offer for you GET Flat 10% OFF on full price Max merchandise Usecode: K2CGJR Valid for 16/06/2023. Shop today! TnC
PROMOTION,"Dear LG Customer, If you are satisfied with Complaint Resolution for RNP230530065887 Share Happiness Code : 54398  with our Service Engineer.
"
TRANSACTION,"Dear Mr/Ms  BALAJI THILAGAR , Amount Rs  359.8  has been Invoiced against receipt no. WCHE2/40891 dt. 09-Jun-2023 . You can check your Receipt on below link or can check your email as given http://www.lgdealernet.com/TCREReceipt/jsp/tcr_receipt_dup.jsp?group_id=45994b61-abe6-4dcd-8682-3ccaf00f9e34"
PROMOTION,"Dear LG Customer Your Service Request RNP230530065887 is closed. For further support click here : https://bit.ly/lge-support
Or call us on 08069379999"
PROMOTION,"Dear Balaji T , protect the financial future of your loved ones from life's uncertainties. Build a better financial future with Protection Plans from HDFC Life and enjoy peace of mind. Click Click mm7.in/MTADp2Mse5IE to know more. T&C apply - HDFC Life"
PROMOTION,Man City vs Inter Milan. Watch the UEFA Champions League Final on JioTV https://bit.ly/JioTV_UCL
PROMOTION,"You're One Step Away from completing Personal Loan application! To know more, Download the Bajaj Finserv app.Click https://bfl.onelink.me/857331112/q.T&C."
PROMOTION,"FREE Xstream TV Box is YOURS! 
Combo of 2 SIMs, 250+ TV Channels & OTT benefits at just Rs 799!
Upgrade to Airtel Black today & enjoy our premium service"" i.airtel.in/GetFiber
"
PROMOTION,Dear LG Customer your feedback is our Command to serve better plz take this Survey for the claim no. RNP230530065887 http://ils.lge.com/survey.do?q=NqYxEVk4P
PROMOTION,"S.M.S Thanga Maligai
11.6.23 shop open 10Am to 2pm 
Gold :5620
Silver :79.80
Coin :5745
Aruppukottai.
04566-220471,
9750970479
www.smsthangamaligai.com"
PROMOTION,"Dear BALAJI,  
Huggies brings to you not just comfy diapers! Get upto 40% OFF, exclusively on Apollo 24|7 with 2-hr* delivery https://ttrt.in/5w231l"
PROMOTION,"Dear Customer,TRENDS SALE IS NOW ON!!! Shop for Rs3999 & Get apparel worth Rs3999 FREE. Offer valid on ALL Products till 11th June'23. HURRY! Visit Now. T&C"
TRANSACTION,"Dear SBI Customer, Rs.500 withdrawn at HDF ATM P3ENCE89 from A/cX0522 on 11Jun23 Transaction Number 316210010145. Available Balance Rs.6013. If not withdrawn by you, forward this SMS to 9223008333 / call 1800111109 or 09449112211 to block your card. Call 18001234 if cash not received."
PROMOTION,Up to 33% off on the NEW KFC All In One Bucket! Enjoy all your KFC favourites in one Finger Lickin Good bucket! bit.ly/3N2uCyi TnC
TRANSACTION,"Your order is delivered with invoice no. 5-103201446040. eInvoice & give feedback https://cx.indianoil.in/webcenter/portal/LPG/pages_rf?cId=8874271401
INDANE"
TRANSACTION,"HDFC SECURITIES LTD on 27-05-23 reported your Fund bal Rs.0 & Securities bal 0. This excludes your Bank, DP & PMS bal with the broker-NSE"
PROMOTION,"Dear Customer, Health Insurance now at affordable prices. Protect your family with Niva Bupa Health Insurance Plans. Visit https://eej.at/hzKIqgS4"
PROMOTION,"Dear Customer, Health Insurance now at affordable prices. Protect your family with Niva Bupa Health Insurance Plans. Visit https://eej.at/wVl2JsPL"
PROMOTION,"Hurry up BALAJI, your Pre-approved personal loan of Rs 6.5 Lakhs from Finance Buddha is expiring on 15-06-23. Apply Now http://f49.bz/hNlSmO FinBud
"
PROMOTION,"Dear Balaji Thilagar, your payment was unsuccessful with TheCollective. Please choose another mode of payment to place your order by clicking here https://spk2.me/p/84230329"
PROMOTION,"Now Personal Loan application is super easy. Chat with our SMART ASSISTANT and apply now in a few clicks. Tap 
http://m.BajFin.in/M1kIW_ww
 Bajaj Finance Ltd"
PROMOTION,"Hello,Your resume has passed.You can Earn 21800RS by completing simple tasks each day.Click: https://wa.me/9779847343925 RTS"
PROMOTION,"Dear Investor, Please download your account statement for the recent transactions under folio 23164298 from link http://sms.iciciprumf.com/yYwKVvW1 The link is valid for 6 days. To know the steps to open the statement, click here. http://sms.iciciprumf.com/KdKAq82G - IPRUMF"
PROMOTION,"Dear User,

You’ve earned Fastrack Flat 33% off on Sunglasses and Spectacles on Specials. Click on https://t.jio/winnings-FTJU33 to claim your coupon! T&C

Team JioCoupon"
PROMOTION,"Dear Customer,
Sell your car at a great price!

Instant payment & free RC transfer!

Call: 9319977102
Or
Click: http://gmg.im/joqACn
-CARS24"
PROMOTION,Flat 58% off on 12 Peri Peri Strips and 4 dips! Grab the KFC Wednesday Strips Bucket today! Order now and binge on! bit.ly/43UgLkA TnC
PROMOTION,Arun Excello's Flat at Guduvanchery. 1BHK 16.99 lakhs 2BHK 31.99 lakhs (all inclusive price). Bank loan arranged. Call: 8448795096 RERA: 0376/2020
PROMOTION,"Dear Member, the movie that you have been waiting for is finally coming to the big screen. Watch Hollywood action-adventure THE FLASH starring Ezra Miller & Ben Affleck @ur favorite PVR cinemas. Book@ pvrcinemas.net/VeyN"
PROMOTION,"Dear Patron,Celebrate Weddings&Festivities with Avantra By Trends. Get exciting offers&gifts on shopping of 4999 & above. Click bit.ly/3pONwh8 to visit us. T&C"
PROMOTION,"Dear Patron,
Buzzing with technology-The new Grand i10 NIOS
Fast USB charger (Type C)
Cruise control & more
Benefits upto Rs. 38 000
MsdCall 8884450230
T&C"
PROMOTION,"Hello,Your resume has passed.You can Earn 16800RS by completing simple tasks each day.Click: https://wa.me/919111815301 RTS"
TRANSACTION,5243 is your One Time Password for HIT RACQUET.
PROMOTION,"Dear Customer,SALE @TRENDS just got bigger. Get Upto 50% off + Shop for Rs3999 and Get gift @Rs249 + coupons worth Rs2000. Offer valid till 18 June. T&C Apply"
PROMOTION,"Unleash the epic encounter between England & Australia. Watch the Ashes 2023 from June 16 LIVE on JioTV.
https://bit.ly/JioTV_Ashes"
PROMOTION,"Dear Customer, Get the Air Switch collection as seen on the Kapil Sharma show, 2 for Rs.2700. Shop now on Lenskart! TnC

Store: lskt.me/m8

App: lskt.me/x6"
PROMOTION,"GRT jewellers Dazzling Diamond Festival, Get Upto 25% off on Diamonds & Uncut Diamonds, enjoy exciting offers on platinum, T&C. bitly.ws/GMTj"
PROMOTION,"Hey, we at CaratLane are counting down to your birthday and we have some gifts! Get Extra 5% Off on all Diamond and Solitaire Jewellery (Use BDAYCT95VU), an Extra 3% Off on all Gold Jewellery (Use BDAYC3DIQ8) and Flat 10% Off on Shaya (Use BDAYESVR67). Call us on  91-44-42935000 to know more. Valid till 31/07/23. TCA*"
PROMOTION,"Dear BALAJI, 
It's lucky draw time! Win stroller, swing & more for your baby! Buy Chicco products to participate. Tap https://trtt.in/8Yk7Df Apollo 24|7"
PROMOTION,"Gift your loved ones exquisite handcrafted sarees from Taneira, A TATA Product. Explore Kanjeevarams, Banarasis, Tussars, Soft Silks, Cottons and more, now at flat 20% off*. Additional 5% off* for encircle members till 19th June. Visit the nearest store now https://tanera.im/JtqIiMAX . *TnC apply."
PROMOTION,Hello Lipstick Lover! Get LIT Velvet Matte Lipstick + LIT Liquid Matte Lipstick combo at just Rs.1 with 229 Points earned via HDFC Times Points Debit Card. *T&C https://bit.ly/3X7Hic1
PROMOTION,"Dear Customer, Health Insurance now at affordable prices. Protect your family with Niva Bupa Health Insurance Plans. Visit https://eej.at/doTkVa1G"
PROMOTION,"Dear Customer,SALE @TRENDS just got bigger. Get Upto 50% off + Shop for Rs3999 and Get Extra 10% OFF. To avail offer use code 10003999 till 18 June. T&C Apply"
PROMOTION,"Dear Customer, Health Insurance now at affordable prices. Protect your family with Niva Bupa Health Insurance Plans. Visit https://eej.at/iOgDfWyu"
PROMOTION,"Dear Patron,Celebrate Weddings&Festivities with Avantra By Trends. Get exciting offers&gifts on shopping of 4999 & above. Click bit.ly/3pONwh8 to visit us. T&C"
PROMOTION,"FREE Xstream TV Box is YOURS! 
Combo of 2 SIMs, 250+ TV Channels & OTT benefits at just Rs 799!
Upgrade to Airtel Black today & enjoy our premium service"" i.airtel.in/GetFiber
"
PROMOTION,"Free Blood Sugar & BP test at Apollo Pharmacy, ""(ANNA NAGAR,BALAJI NAGAR)"" PUZHUTHIVAKKAM on 18th Jun, from: 7AM-11AM, Ph.:044-22422300
*T&C"
PROMOTION,Hi Balaji! Only you get boAT bluetooth headphone for Rs 1299 + Extra 15% off on Tata Neu! Click & enjoy the experience https://tneu.in/Rjh7THtW T&C apply
PROMOTION,"Dear Patron,Celebrate Weddings&Festivities with Avantra By Trends. Get exciting offers&gifts on shopping of 4999 & above. Click bit.ly/3pONwh8 to visit us. T&C"
PROMOTION,"Dear BALAJI,  
Time to buy your baby's diaper pants? Get up to 35% OFF on Pampers only on Apollo 24|7! Tap for 2-hr* delivery https://trtt.in/J2nnmg"
PROMOTION,Louis Philippe Outlet Thoripakkam Sale BUY 4 GET 5FREE BUY 3 GET 3FREE Allen Solly BUY 5 GET 6FREE Kids:BUY 4GET 6FREE PH :9791012594 Map: bit.ly/3dh17Xb STYZON
PROMOTION,"Hope you and your family are safe. Please do not drive your car in flooded areas. Incase, your car is submerged in water, do not start the car and tow it to nearest workshop. Choose parking spaces away from trees/lamp posts as they may cause damage to your car incase of falling. Team HDFC ERGO"
PROMOTION,"Dear Customer, Health Insurance now at affordable prices. Protect your family with Niva Bupa Health Insurance Plans. Visit https://eej.at/7Ofrnkyr"
PROMOTION,"Sri JAGANNATH RATHYATRA. 
Most Auspicious Day.
Today ANNAPRASAD will be served to Thousands of devotees & Needy.
DONATE for ANNADAN at www.iskconmeal.in
ISKCON"
PROMOTION,Just one last step to complete your OlaMoney Wallet KYC - Get your original document verified in the ride: https://hello.ola.app/RyaE8MIZRW
TRANSACTION,"Dear Customer, Balance in your A/C XX6203 as on 21-06-2023 is Rs. 167.60. Visit www.indiapost4yoga.in to send IDY Digital Post Card-IPPB"
PROMOTION,"Mr/Ms BALAJI, Thangamayil's Kalyana Parisu, Buy 10 grams of Gold Jewelry & get 30 grams of Silver free* Hurry! valid till 3-July bit.ly/Kgft23"
PROMOTION,"Now Personal Loan application is super easy. Chat with our SMART ASSISTANT and apply now in a few clicks. Tap 
http://m.BajFin.in/RBwEITqQ
 Bajaj Finance Ltd"
PERSONAL,"Dear Customer, You have a missed call from +918778345108 The last missed call was at 08:48 PM on 21-Jun-2023 Thankyou, Team Jio."
PROMOTION,"Dear Patron,Its TIME TO SHOP @Avantra by Trends Discover exquisite range of sarees,ethnicwear&more.Exciting offers in store bit.ly/3pONwh8 .T&C"
PROMOTION,"Watch the Women's Kabaddi League 2023 on JioTV
https://bit.ly/WKL23English"
PROMOTION,We miss you @ MAX FASHION! Here's an exclusive offer for you GET Flat 10% OFF on full price Max merchandise Usecode: CIL3PB Valid for 29/06/2023. Shop today! TnC
PROMOTION,"Max Fashion SALE ALERT!
Upto 50% OFF+10% EXTRA ONLY for YOU!
Shop for 2999 & use Code: D39SDKQ
EXTRA 10% OFF valid on ALL MAX garments!
ONLY till 25th Jun
TnC"
PROMOTION,"Dear Customer,SALE @TRENDS just got bigger. Get Upto 50% off + Shop for Rs3999 and Get gift @Rs249 + coupons worth Rs2000. Offer valid till 23June. T&C Apply"
PROMOTION,"Dear Customer, Health Insurance now at affordable prices. Protect your family with Niva Bupa Health Insurance Plans. Visit https://eej.at/zS6YUKUr"
PROMOTION,"Dear Customer, Health Insurance now at affordable prices. Protect your family with Niva Bupa Health Insurance Plans. Visit https://eej.at/rQL1HPQI"
PROMOTION,"Namaste Balaji, ZAROORI SOOCHNA: aapka pre-qualified SBI Credit Card aa gaya hai. Check karein turant. TnC laagu bnkbzr.co/tquTqKqlxY3"
PROMOTION,"Dear Customer, Lenskart's EYECONIC SALE is LIVE. Avail BUY1GET1 with Lenskart Gold membership on cool Eyewear. TnC

Store: lskt.me/m8

App: lskt.me/e0"
TRANSACTION,"HDFC SECURITIES LTD on 03-06-23 reported your Fund bal Rs.0 & Securities bal 0. This excludes your Bank, DP & PMS bal with the broker-NSE"
PROMOTION,"Max Fashion SALE ALERT!
Upto 50% OFF +10% EXTRA ONLY for YOU!
Shop for 2999 & use Code D39SDKQ
EXTRA 10% OFF valid on ALL MAX garments!
ONLY till 25th June
TnC"
PROMOTION,"Dear customer, World Digital Premiere of Salman Khan's 'Kisi Ka Bhai Kisi Ka Jaan' on your ZEE5. Enjoy with Rs.400 OFF & RENEW NOW. https://bit.ly/3CLltW8"
PROMOTION,"FREE Wings, Strips, Popcorn and more only on KFC Bucket It! Play now on the KFC app for guaranteed offers! bit.ly/46krzug TnC"
PROMOTION,"FREE Xstream TV Box is YOURS! 
Combo of 2 SIMs, 250+ TV Channels & OTT benefits at just Rs 799!
Upgrade to Airtel Black today & enjoy our premium service"" i.airtel.in/GetFiber
"
PERSONAL,I'll call you later.
PROMOTION,"25.06.23 shop open 10Am to 2pm 
Gold :5520
Silver :74.50
Coin :5645
S.M.S Thanga Maligai
Aruppukottai.
04566-220471,
9750970479
www.smsthangamaligai.com"
,"Gift your loved ones exquisite handcrafted sarees from Taneira, A TATA Product, now at flat 20% off*.Extra 5% off* for encircle members. Shop Now at https://bit.ly/3XhcfKZ .*TnC Apply"
PERSONAL,"Dear Customer, You have a missed call from +919095216030 The last missed call was at 08:50 PM on 24-Jun-2023 Thankyou, Team Jio."
TRANSACTION,"HDFC SECURITIES LTD on 10-06-23 reported your Fund bal Rs.0 & Securities bal 0. This excludes your Bank, DP & PMS bal with the broker-NSE"
TRANSACTION,"Dear AYEPBXXXXX,
Challan payment of Rs. 1470 against CRN ending with 2980 is successful on 25/06/2023,21:57:08.
e-Filing, ITD"
TRANSACTION,"Dear BALAJI THILAGAR, ITR:2 of 2023  for AYEPB4541P  has been successfully e-Verified. e-Filing, Income Tax Department"
PROMOTION,"Dear Patron,EXCLUSIVE SALE @Avantra by Trends is here! Enjoy Upto 50%OFF on sarees,ethnicwear &more. Ltd period offer. bit.ly/3pONwh8. T&C"
PROMOTION,"Dear BALAJI, 
Ultra gentle & safe for your baby! Get up to 30% OFF on baby personal care products + 2-hr* delivery. Tap https://fqex.in/cZA3Bw Apollo24|7"
PROMOTION,"Dear Customer, all you need is 5 minutes! Open a digital savings account with Kotak811 and level up your banking instantly: https://kotk.in/tUjeMH -KBank"
PROMOTION,"Dear BALAJI,  
Leakproof nights decoded! Get MamyPoko diaper pants at up to 35% OFF! Get 2-hr* delivery https://fqex.in/texOU4 Apollo24|7"
PROMOTION,"ATTENTION! Coding Qs asking to create bots that require website scraping should NOT be attempted. Always SKIP such Qs under 'SPAM'.
CHEGG"
PROMOTION,"Thank you for giving us an opportunity to serve you at Bajaj Allianz. We seek your feedback on our service advisor, this will help us improve our services, please click here http://nmc.sg/fJA0UtN Caringly Yours, Bajaj Allianz General Insurance"
PROMOTION,"Hey BALAJI , Your loan money of up to Rs 5 Lakh is ready. With Airtel Flexi Credit, avail low interest rates, no paperwork & get loan disbursed within minutes. Apply Now https://i.airtel.in/MVLPO"
PROMOTION,"Dear Customer, unlock the power of ZERO. Open a Zero Balance Savings Account with Kotak811 in 5 minutes: https://kotk.in/TYOVFF -KBank"
PROMOTION,"Dear Customer, Health Insurance now at affordable prices. Protect your family with Niva Bupa Health Insurance Plans. Visit https://eej.at/RyM1BpEJ"
PROMOTION,"Dear Customer, Health Insurance now at affordable prices. Protect your family with Niva Bupa Health Insurance Plans. Visit https://eej.at/6nYOEEvn"
PROMOTION,"OMG..The biggest offer of the season is here at MAX Fashion!

EVERYTHING @FLAT 50% OFF!!
Get FLAT 50% OFF on ENTIRE SALE merchandise
ONLY till Sunday
Rush!
TnC"
PROMOTION,"Hello Firebirds! Make the most of The Sharp Cut @ BLACKBERRYS. Buy 2 Get 2 offer on shirts, chinos and more. Hurry! Visit your nearest store & website. T&C."
PROMOTION,Make Wednesdays finger-licking good with 58% Off on KFC Wednesday Strips Bucket. Order now! bit.ly/3JC8g5X TnC
PROMOTION,"Hi Balaji, boAt Rockerz Neckband worth Rs 2999 at just Rs 999 + Extra 15% off, only for you! Shop now on Tata Neu https://tneu.in/AjtfB5bF T&C apply"
PROMOTION,"Just Say NO to Drugs. Issued in public interest by Narcotics Control Bureau, Govt. of India, Bengaluru Zonal Unit"
PROMOTION,"This Aadi, get an assured surprise gift when you shop at GRT Jewellers and RS.50/ gm extra on old gold exchange T&C. bitly.ws/JRyb"
PROMOTION,"Give your loved ones the perfect gift this season! Shop exquisite handcrafted sarees from Taneira, A TATA Product now at flat 20% off*.Extra 5% off* for encircle members. Hurry up, visit the nearest store now https://tanera.im/JtqIiMAX to avail the offer.*TnC Apply"
PROMOTION,"Dear Customer, Health Insurance now at affordable prices. Protect your family with Niva Bupa Health Insurance Plans. Visit https://eej.at/Fim7iwzm"
PROMOTION,"Dear Customer,
Sell your car at a great price!

Instant payment & free RC transfer!

Call: 9319977102
Or
Visit: http://gmg.im/dj6XO0
-CARS24"
PROMOTION,"Hi Balaji, AAKHRI CHANCE: aapka pre-qualified SBI Credit Card paane ka. 5 lakh tak limit fee-reversal option ke saath. TnC laagu bnkbzr.co/DL1oF4n5hV7"
PROMOTION,"Dear Customer,
 Thank you for making the premium payment for Tata AIA Life Insurance policy. We would like to hear about your experience. Please click on the link http://nps.bz/TT-239548"
PROMOTION,"Dear Customer, Health Insurance now at affordable prices. Protect your family with Niva Bupa Health Insurance Plans. Visit https://eej.at/LMzKXLhX"
PROMOTION,Tax filing is FREE on myITreturn.com till the weekend. Do not delay and file now. -myITreturn
PROMOTION,"Dear Customer, Lenskart's EYECONIC SALE is LIVE. Avail BUY1GET1 with Lenskart Gold membership on cool Eyewear. TnC

Store: lskt.me/m8

App: lskt.me/e0"
PROMOTION,Unleash the epic encounter between England & Australia. Watch the Ashes 2023 LIVE on JioTV. https://bit.ly/JioTV_Ashes
PROMOTION,"Alert: On receiving any unwanted SMS, please complain by calling 1909 or send SMS to 1909 in format 'SMS Content, Sender No, dd/mm/yy' or visit bit.ly/2qBK0vp to report through Airtel Thanks App."
PROMOTION,"OMG! The Biggest offer just got Bigger ONLY for YOU @Max Fashion
FLAT 50% OFF on ENTIRE SALE merchandise
+
EXTRA 10% OFF
Use Code: R6NB47K
ONLY till Sunday
TnC"
PROMOTION,"LAST 2 DAYs of EVERYTHING @FLAT 50% at MAX Fashion!
Get FLAT 50% OFF on ENTIRE SALE merchandise + EXTRA 5% cashback on SBI Credit cards
Rush NOW!
TnC"
PROMOTION,"Wishing you HAPPY BIRTHDAY in advance, with EXCLUSIVE OFFER only for you
FLAT 25% OFF on purchase of Rs.2000 @UNLIMITED Fashion store
Code: CBCEG3K2L5
Valid: till 16-Jul-23. TnC"
PROMOTION,PDS Bill 429610723000027 B.Rice-10.0kg/Sugar-2.0kg/T.Dhall-1.0kg/P.Oil-1.0pkt/R.Rice-8.0kg issued on 01.07.2023 for Rs.105.0/-. To complain forward to 9773904050 - TNEPDS
PROMOTION,"Hi Firebirds! Have you checked out The Sharp Cut @ BLACKBERRYS? Buy 2 Get 2 offer on shirts, chinos, and more! Hurry! Visit your nearest store & website. T&C."
TRANSACTION,"HDFC SECURITIES LTD on 17-06-23 reported your Fund bal Rs.0 & Securities bal 0. This excludes your Bank, DP & PMS bal with the broker-NSE"
TRANSACTION,Dear balaji FriendsForever! Thank you for your monthly advance amount of 3500 towards group code and membership no RAB - 7576. Did you checkout our new arrivals online at grtjewels.com/newarrivals. Use coupon code NEW500 to get Rs.500 off on Jewellery purchase above Rs.3999. Call or WAPP 7358251515.  T&C*
TRANSACTION,Dear balaji FriendsForever! Thank you for your monthly advance amount of 1500 towards group code and membership no RAB - 7577. Did you checkout our new arrivals online at grtjewels.com/newarrivals. Use coupon code NEW500 to get Rs.500 off on Jewellery purchase above Rs.3999. Call or WAPP 7358251515.  T&C*
TRANSACTION,Dear balaji FriendsForever! Thank you for your monthly advance amount of 3500 towards group code and membership no RAB - 7576. Did you checkout our new arrivals online at grtjewels.com/newarrivals. Use coupon code NEW500 to get Rs.500 off on Jewellery purchase above Rs.3999. Call or WAPP 7358251515.  T&C*
TRANSACTION,Dear balaji FriendsForever! Thank you for your monthly advance amount of 25500 towards group code and membership no RAB - 7574. Did you checkout our new arrivals online at grtjewels.com/newarrivals. Use coupon code NEW500 to get Rs.500 off on Jewellery purchase above Rs.3999. Call or WAPP 7358251515.  T&C*
TRANSACTION,Dear balaji FriendsForever! Thank you for your monthly advance amount of 1500 towards group code and membership no RAB - 7577. Did you checkout our new arrivals online at grtjewels.com/newarrivals. Use coupon code NEW500 to get Rs.500 off on Jewellery purchase above Rs.3999. Call or WAPP 7358251515.  T&C*
TRANSACTION,Dear balaji FriendsForever! Thank you for your monthly advance amount of 25500 towards group code and membership no RAB - 7574. Did you checkout our new arrivals online at grtjewels.com/newarrivals. Use coupon code NEW500 to get Rs.500 off on Jewellery purchase above Rs.3999. Call or WAPP 7358251515.  T&C*
PROMOTION,"Free Popcorn, Free Hot Wings, Flat Rs 125 OFF and more! Play KFC BUCKET IT and win guaranteed offers only on the KFC app now! bit.ly/3XGZTvJ TnC"
PROMOTION,"Dear BALAJI, 
Get Huggies Diaper Pants at up to 35% OFF, exclusively on Apollo 24|7 with 2-hr* delivery https://fhex.in/KHuKhA"
TRANSACTION,"ORDER CREATED
Namaste, We have received your order with Apollo 24|7 and it is now being processed. We will send you an update in 30 minutes. 
Team Apollo 24|7"
TRANSACTION,"ORDER READY TO DISPATCH 
Namaste, your order  278503074 is packed but the price of some items has been updated. You can check your order status here https://pmt.apollo247.com/deeplink?url=apollopatients://Order? 278503074
Team Apollo 24|7"
PROMOTION,"Dear user, You earned 41.41 HCs on txn dated 02/07/2023. Valid till 01/07/2025. Redeem them on orders on Apollo24|7 bit.ly/3gwmfPs or at your nearest store."
TRANSACTION,"Dear Customer, 7153 is the delivery OTP for your order FL20230702111212805. Please share it with our Delivery Associate at the time of Delivery.
-Team Apollo 24|7"
TRANSACTION,"DELIVERED
Namaste, your order 278503074 has been delivered successfully.
Team Apollo 24|7"
TRANSACTION,Thanks for transacting with us! Redeem your Rs.170.04 Health Credits (HCs) on medicine orders @ Apollo24l7 or at your nearest store! bit.ly/A2471AD
PROMOTION,"Dear user, You earned 1.93 HCs on txn dated 02/07/2023. Valid till 01/07/2025. Redeem them on orders on Apollo24|7 bit.ly/3gwmfPs or at your nearest store."
PROMOTION,"Dear BALAJI,  Your sample collection expert is near you: Book your next Fasting Blood Sugar Check from Apollo 24|7. Call to book: 18005721111."
PROMOTION,"As our age increases, so does our insurance premium. Click mm7.in/MDOqNOAP2bwE to buy Term Plan from HDFC Life at lower premium before your next birthday and secure the future of your loved ones. T&C Apply - HDFC Life"
PROMOTION,"Dear Balaji T , plan to achieve all your life's goals and ambitions. Build a better financial future with Savings and Investment Plans from HDFC Life and also avail a life cover. Click mm7.in/MDN3oA8wCLgE to know more. T&C Apply - HDFC Life"
PROMOTION,"Hi BALAJI, thank you for ordering medicine from Apollo 247. Hope you had a great experience. Please leave us a review on google https://bit.ly/3iQNsus . It will only take a minute, but it will help us serve you better. Thank you!

Team Apollo 247"
PROMOTION,"Mr/Ms #BALAJI, Thangamayil's Aadi Sale 2023, Get Half gram gold for every 10gms of Gold jewelry* use E1356 valid 20-July bit.ly/Aadi23C"
PROMOTION,"Mr/Ms #BALAJI, Thangamayil's Aadi Sale 2023, Get Half gram gold for every 10gms of Gold jewelry* use E1356 valid 20-July bit.ly/Aadi23C"
PROMOTION,"Dear BALAJI,  Timely checks help prevent complications! Book your Diabetes check & get 100% accurate same-day reports. Call: 18005721111 Apollo 24|7 *TCA"
PROMOTION,"Hi Balaji,
Max Fashion celebrates your birthday!
Get EXTRA 10% OFF on Max branded full price merchandise.
Usecode: BMMO1T
Valid till 31-Jul
TnC"
PROMOTION,Hi Balaji! Happy birthday month! Get 15% extra NeuCoins on shopping for select categories by 31st July at Tata Neu! https://tneu.in/XoHOnYWT T&C apply
TRANSACTION,"Your SIP Purchase in Folio 19920082/96 under HDFC Large and Mid Cap Fund-Reg Gr for Rs. 1,999.90 has been processed at the NAV of 224.732 for 8.899 units and 05-Jul-2023. Your smart statement https://cams.co.in/9vQmix7FFvN. Enter your PAN as the password. Sincerely, HDFCMF"
PROMOTION,"Your BIRTHDAY is coming soon. We wish you in advance with FLAT 25% OFF on purchase of Rs. 2000 @UNLIMITED Fashion store only for you.
Code: CBCEG3K2L5
Valid: till 16-Jul-23. TnC"
PROMOTION,"FREE 1 GB data on Airtel Thanks App! Claim now. T&C Apply
i.airtel.in/FreeData1GB"
TRANSACTION,"Dear Investor, Your SIP Purchase of Rs.1,999.90 in Folio 23164298 in Value Discovery Fund - Growth for 6.589 units has been processed for NAV of 303.51 on 05-Jul-2023 - IPRUMF"
PROMOTION,Beware of scammers! All official communication by Bank is done through IPBMSG & IPBOTP headers. No conventional mobile numbers are used to send messages - IPPB
PROMOTION,"Dear BALAJI,  
Gift them health. Order PediaSure kids' nutrition supplement @ up to 10% OFF. Tap for 2-hr* delivery https://fuex.in/mhYRxG Apollo 24|7"
PROMOTION,"Your MOTOR policy 2312100332919003 is due for renewal on Aug 21, 2023 Renew at 
http://hegi.org/Kh1uexFE
. Pls Ignore if already paid. Team HDFC ERGO"
PROMOTION,It's your b'day month & lets shout it out loud together! Redeem your code BRITHNRJVN of Rs.100 on Ticket/FnB till 31-Jul @PVR Cinemas. Book@ pvrcinemas.net/AeCQ
TRANSACTION,"Order for Cons No 7100006044 is registered with Ref No.2-003023762405.Refil expected delivery: 2 days.Pay by https://payit.cc/I3217047366
INDANE"
PROMOTION,"Hi Balaji, AAKHRI CHANCE: aapka pre-qualified SBI Credit Card paane ka. 5 lakh tak limit fee-reversal option ke saath. TnC laagu bnkbzr.co/TkThF1enArU"
PROMOTION,"Dear Customer, Get 50% cashback on orders of Rs.3500 & above with the Eye-conic sale. Hurry! Shop now on Lenskart! Tnc

Store: lskt.me/m8

App: lskt.me/j0"
TRANSACTION,"Invoice generated for Rs. 1118.5.Share DAC 7132 on delivery. Download eInvoice https://cx.indianoil.in/webcenter/portal/LPG/pages_h?cId=9071287215
INDANE"
PROMOTION,"Dear Privilege Member, watch Tamil blockbuster MAAMANNAN starring Udhayanidhi Stalin & Keerthy Suresh @PVR cinemas & avail Rs.50 OFF on FnB spends with code MAMNRWGMS5 valid till 13-Jul. Book@ pvrcinemas.net/7eGT"
PROMOTION,"Urgent !!!

For the benefit of customers, locker agreement has been revised basis RBI direction.
Kindly re-submit your agreement for HDFC Bank Locker no 116 at your Locker Branch. Don't forget to sign this when you're visiting the branch along with other holders. Please
ignore if already submitted"
PROMOTION,"Dear BALAJI THILAGAR, continue to keep your 2 wheeler secured with HDFC ERGO insurance policy 2312100332919003 Renew it before Aug 21, 2023 at 
http://hegi.org/J3G_e2AU"
TRANSACTION,"Dear BALAJI THILAGAR, ITR:1 of 2023  for AYEPB4541P  has been successfully e-Verified. e-Filing, Income Tax Department"
TRANSACTION,"MAX Fashion SALE...BIG weekend Alert!
GET FLAT 50-70% OFF on wide range.
ONLY FOR 2 days (8-9 Jul)
Get extra 5% cashback on SBI Credit cards
Hurry!
TnC"
PROMOTION,"Dear BALAJI, 
Access your glucose reading anytime, anywhere! Record them online & unlock access to weekly insights! Tap https://fnex.in/dJ0hAP Apollo24|7"
PROMOTION,"Dear BALAJI,  Looking for a doctor-curated diabetes checks? Call to book: 18005721111 & get 30-min sample collection + same-day reports. Apollo 24|7 *TCA"
PROMOTION,"Akshaya Ford Conducting MONSOON SERVICE CAMPAIGN(10th to 17th July-2023)Avail Offers on Battery, Tyre, BrakePad, Oil Filter, Wiper, ShockAbsorber, VAS&Fullbody Paint. Get Free General CheckUp&WaterWash.Booking-7397716021/7397716022/7397716025/9894627292 Camp offer Details ;- Please Click this Link for further details : https://prnt.sc/GSx_nPcV3xMR -AKSHAYA FORD"
PROMOTION,"Akshaya Ford Conducting MONSOON SERVICE CAMPAIGN(10th to 17th July-2023)Avail Offers on Battery, Tyre, BrakePad, Oil Filter, Wiper, ShockAbsorber, VAS&Fullbody Paint. Get Free General CheckUp&WaterWash.Booking-7397716021/7397716022/7397716025/9894627292 Camp offer Details ;- Please Click this Link for further details : https://prnt.sc/GSx_nPcV3xMR -AKSHAYA FORD"
TRANSACTION,"Dear Investor, Please download your account statement for the recent transactions under folio 23164298 from link http://sms.iciciprumf.com/m2718npJ The link is valid for 6 days. To know the steps to open the statement, click here. http://sms.iciciprumf.com/2dObMkq5 - IPRUMF"
PROMOTION,"09.07.23 Shop open 10Am to 2pm 
Gold :5540
Silver :76.70
Coin :5665
S.M.S Thanga Maligai
Aruppukottai.
04566-220471,
9750970479
www.smsthangamaligai.com"
PROMOTION,"Yay!! Its your BIRTHDAY week
get FLAT 25% OFF on purchase of Rs. 2000 on your shopping @UNLIMITED Fashion store. Hurry!
Code: CBCEG3K2L5
Valid: till 16-Jul-23.TnC"
PROMOTION,"Dear customer, World Digital Premiere of Huma's 'Tarla' and Monoj's 'Bandaa' on your ZEE5. Enjoy with Rs.400 OFF & RENEW NOW. https://bit.ly/43dRVLU"
PROMOTION,"Your order is delivered with invoice no. 5-103275312351. eInvoice & give feedback https://cx.indianoil.in/webcenter/portal/LPG/pages_rf?cId=9071287215
INDANE"
PROMOTION,"Dear BALAJI,  Getting Diabetes checks is now easier: Simply call: 18005721111 & book yours today! Avail 100% accurate same-day reports. Apollo 24|7 *TCA"
PROMOTION,"Watch Crime Patrol 48 Hours from 10th July on JioTV
https://bit.ly/JioTV_CP48H"
PROMOTION,"Dear BALAJI,  
No fuss & mess! Shop for MamyPoko pants for your baby at up to 35% Off! Get 2-hr* delivery from Apollo 24|7 https://fnex.in/vYrCu4"
TRANSACTION,ITR for AY 2023-24 and PAN: ayexxxxx1p has been processed at CPC. Intimation u/s 143(1) has been sent to your registered email ID. If not received check in SPAM folder.
TRANSACTION,"HDFC SECURITIES LTD on 24-06-23 reported your Fund bal Rs.0 & Securities bal 0. This excludes your Bank, DP & PMS bal with the broker-NSE"
PROMOTION,"Dear BALAJI T,
We spoke over the phone.
Sharing the link to avail an HDFC Bank Credit Card:
hdfcbk.io/a/2dOe3y75
- Mohammed Thoufeeq |M: 04226660223"
PROMOTION,"Dear BALAJI T,
We spoke over the phone.
Sharing the link to avail an HDFC Bank Credit Card:
hdfcbk.io/a/vpL58qjq
- Mohammed Thoufeeq |M: 04226660223"
PROMOTION,"Dear BALAJI T,
We spoke over the phone.
Sharing the link to avail an HDFC Bank Credit Card:
hdfcbk.io/a/8RVNqkb5
- Mohammed Thoufeeq |M: 04226660223"
PROMOTION,"Dear BALAJI T,
We spoke over the phone.
Sharing the link to avail an HDFC Bank Credit Card:
hdfcbk.io/a/G3yNYJkp
- Mohammed Thoufeeq |M: 04226660223"
TRANSACTION,"Dear Customer, You have a missed call from +918939054496 The last missed call was at 10:42 AM on 11-Jul-2023 Thankyou, Team Jio."
PROMOTION,"Dear BALAJI T,
We spoke over the phone.
Sharing the link to avail an HDFC Bank Credit Card:
hdfcbk.io/a/RgVmaJZN
- Mohammed Thoufeeq |M: 04226660223"
PROMOTION,"Dear BALAJI T,
We spoke over the phone.
Sharing the link to avail an HDFC Bank Credit Card:
hdfcbk.io/a/0nx3mOAj
- Mohammed Thoufeeq |M: 04226660223"
PROMOTION,"Dear BALAJI T,
We spoke over the phone.
Sharing the link to avail an HDFC Bank Credit Card:
hdfcbk.io/a/LwOeX4R4
- Mohammed Thoufeeq |M: 04226660223"
PROMOTION,"Dear BALAJI T,
We spoke over the phone.
Sharing the link to avail an HDFC Bank Credit Card:
hdfcbk.io/a/LwOeX4JO
- Mohammed Thoufeeq |M: 04226660223"
PROMOTION,"Maximize your spending power! Bajaj Finserv DBS Bank Credit Card offers up to ?2,50,000 credit limit! Apply now on below link. 
http://BajFin.in/G_n4XXIE"
PROMOTION,"Now Personal Loan application is super easy. Chat with our SMART ASSISTANT and apply now in a few clicks. Tap 
http://BajFin.in/Tu9cLerk
 Bajaj Finance Ltd"
PROMOTION,"Dear BALAJI T, Your HDFC Bank Virtual RM - Mohammed Thoufeeq had tried reaching you! Please call back on 04226660223 for all your Banking needs between 9.30 AM to 6.30 PM (except Sundays and Bank holidays).
To save your RM's contact, click here - hdfcbk.io/a/xoW1P678 .
Here's a list of pre-approved offers made especially for your needs!
To find out more hdfcbk.io/a/a6y1K78B"
PROMOTION,"Mr/Ms BALAJI, Thangamayil's Aadi Sale 2023, Get Half gram gold for every 10 grams of Gold jewelry purchase* Code E1356 valid 20-July bit.ly/Aadi23C"
PROMOTION,"FLAT 58% Off on KFC Wednesday Strips Bucket and 4 dips! Yes, you heard it right! Order now and enjoy! bit.ly/3O8jjqi TnC"
PROMOTION,Indulge in the magic of Momo! Sprinkle joy on your day with a 30% off on your Wow! Momo bill. CPN: WMOT07033CHRNA3 Valid till: 16th July. T&C
PROMOTION,"FLAT 25% OFF on purchase of Rs. 2000 for your BIRTHDAY shopping. Hurry!! Enjoy latest collection @UNLIMITED Fashion store.
Code: CBCEG3K2L5
Valid: till 16-Jul-23. TnC"
PROMOTION,"Dear Customer,
Get Noise Smart Watch worth Rs 5,999 as Welcome Gift with PULSE SBI Credit Card. Apply now TnC http://nc6.in/gjzrYi 
BAJAJ MARKETS"
PROMOTION,"Dear Customer,

Sell your car for a great price!
 
-Instant Quote
-Free RC transfer
 
Call: 8447744659
Or
Click: 1pr.in/lZFGsl13
-CARS24"
PROMOTION,"Cholamandalam Finance offers personal loan upto Rs 3,00,000 in 15 mins for all your financial needs. 100% online. Apply Now http://nmc.sg/gJ2OHQS T&C"
PROMOTION,"Dear Privilege Member, watch Tamil-hit action-packed spectacle MAAVEERAN starring Sivakarthikeyan & Aditi Shankar @PVR cinemas & avail Rs.50 OFF on FnB spends with code MVVCMEC4BM valid till 20-Jul. Book@ pvrcinemas.net/Te9v"
PROMOTION,"Hurry up!!!
VANAVIL SUNDAY BEACH @ECR
35 ACRES RESORT PROPERTY-CLEAR BEACH VIEW WITH PRIVATE BEACH ACCESS,DTCP approved plots @5.85 lakhs For Details 9677340001"
PROMOTION,"Dear Customer,
Sell your car for a great price!

-Instant Quote
-Free RC transfer

Call: 9319977102
Or
Click: http://gmg.im/dQO01O
-CARS24"
PROMOTION,"Dear Customer, Get 2 styles for Rs.4200 from the Coastline collection. Shop easy breezy eyewear from Lenskart. TnC

App: lskt.me/c0

Store: lskt.me/m8"
PROMOTION,"You got a call from Caratlane Store
Please rate the call https://fb.myo.bz/TZK52
Also, report spam call -via MYOPERATOR"
PROMOTION,"Akshaya Ford Conducting MONSOON SERVICE CAMPAIGN(10th to 17th July-2023)Avail Offers on Battery, Tyre, BrakePad, Oil Filter, Wiper, ShockAbsorber, VAS&Fullbody Paint. Get Free General CheckUp&WaterWash.Booking-7397716021/7397716022/7397716025/9894627292 Camp offer Details ;- Please Click this Link for further details : https://prnt.sc/GSx_nPcV3xMR -AKSHAYA FORD"
PROMOTION,"The Chennai Silks Aadi Sale UPTO 50% OFF OR Double Value Gift Vouchers Let the celebrations begin. TNagar,Velachery,Chromepet,Tiruvallur bit.ly/3DcL4ru TCSCHE"
PROMOTION,Surprise your loved ones with Taneira's exquisite sarees! Flat 20% off* on select merchandise. Sale ends on 16th July. Shop now at https://bit.ly/3pIpeZG. *TnC apply.
PROMOTION,Reminder: You get EXTRA 3-7%* off on CaratLane designs only for the next 24 hrs! Make the most of this deal and shop now: http://1kx.in/XGHCaWlatdb *TCA
PROMOTION,"
Vasanth & Co Celebrates 46th Anniversary with India's Biggest Sale at the lowest price ever Offer only on 14,15,16 & 17 July. *T&C"
PROMOTION,"Akshaya Ford Conducting MONSOON SERVICE CAMPAIGN(10th to 17th July-2023)Avail Offers on Battery, Tyre, BrakePad, Oil Filter, Wiper, ShockAbsorber, VAS&Fullbody Paint. Get Free General CheckUp&WaterWash.Booking-7397716021/7397716022/7397716025/9894627292 Camp offer Details ;- Please Click this Link for further details : https://prnt.sc/GSx_nPcV3xMR -AKSHAYA FORD"
PROMOTION,Last 2 days of Sale. Surprise your loved ones with Taneira's exquisite sarees! Flat 20% off* on select merchandise. Sale ends on 16th July. Shop now at https://bit.ly/3pIpeZG. *TnC apply.
PROMOTION,"Greetings, ICICI Prudential Mutual Fund wishes you a very happy birthday and a great year ahead.-IPRUMF"
PROMOTION,"Every Birthday of your's so Special, TODAY Celebrate the Day by feeding a meal to Needy Support ISKCON's Daily ANNADAN program. Pls Donate at www.iskconmeals.in"
PROMOTION,"Dear Customer, Health Insurance now at affordable prices. Protect your family with Niva Bupa Health Insurance Plans. Visit https://eej.at/xZivGYxZ"
PROMOTION,"Dear Customer, Health Insurance now at affordable prices. Protect your family with Niva Bupa Health Insurance Plans. Visit https://eej.at/374qOdtM"
PROMOTION,"Wishes on your BIRTHDAY!!
Enjoy your day with FLAT 25% OFF on purchase of Rs. 2000 @UNLIMITED Fashion store.
Code: CBCEG3K2L5
Valid: till 16-Jul-23. TnC"
PROMOTION,"Wishing you a Very Happy Birthday from all of us @ GKB Opticals! As a special birthday treat, we're giving you an E Voucher 11758070 worth 10% on your next purchase! Avail your exclusive offer by 08/15/23. See you soon!"
PROMOTION,Congratulations! on the purchase of LENSKART GOLD Membership. You can now Enjoy Buy1 Get1 Free & a lot more exciting benefits on Lenskart App and Store. View details - lskt.me/lt
PROMOTION,"Every Birthday of your's so Special, TODAY Celebrate the Day by feeding a meal to Needy Support ISKCON's Daily ANNADAN program. Pls Donate at www.iskconmeals.in"
PROMOTION,"Dear Customer, Did You Know? You can now get a Personal Loan up to Rs.5 Lakh* on Flipkart. Apply & get approval in just 30secs >

http://fkrt.it/Jy_dhGuuuN"
PROMOTION,"Dear Balaji ,   Thank you for choosing Dindigul Thalappakatti. For an e-bill, click here:  es.easyrz.co/dre4urcmlhlolb  We hope to see you again soon."
PROMOTION,"Dear BALAJI, 
Keep them nice and cosy. Get Huggies @ up to 40% OFF, exclusively on Apollo 24|7 with 2-hr* delivery. Tap https://fvex.in/XXPJTh"
PROMOTION,"Every Birthday of your's so Special, TODAY Celebrate the Day by feeding a meal to Needy Support ISKCON's Daily ANNADAN program. Pls Donate at www.iskconmeals.in"
PROMOTION,"Dear Customer,
Good news! Loan up to Rs.300,000 is approved successfully.
Direct Bank Transfer in 10min
Submit details now http://gmg.im/knKRUj -AB Finance"
PROMOTION,"Dear Customer, Introducing Personal Loan on Flipkart with affordable EMIs. Apply & Get a loan up to Rs.5 Lakhs >

http://fkrt.it/ZllAGxuuuN"
PROMOTION,"It's EXTENDED! Because you love this offer so much, EXTRA 3-7%* off is back for a limited time. Shop CaratLane now: http://1kx.in/XX6MqSpeq8F TCA"
TRANSACTION,"Units against Voluntary Contribution Rs.3,000.00 credited to PRAN XX2610, NAV of 14-07-2023.Plan retirement with NPP.Click- https://bit.ly/3OY8K80 -Protean"
PROMOTION,"HDFC SECURITIES LTD on 01-07-23 reported your Fund bal Rs.0 & Securities bal 0. This excludes your Bank, DP & PMS bal with the broker-NSE"
PROMOTION,"Witness the series decider between England and Australia. Watch the 3rd ODI LIVE on JioTV
https://bit.ly/WomensAshes23"
PROMOTION,"Dear Customer, Save more with 10% cashback on Samsung products & services with  Axis Bank Samsung Signature Credit Card click 1kx.in/rs4z68 T&C MyMoneyMantra"
PROMOTION,"Hi BALAJI, Get your Personal Loan of Rs. 750000 Lakh in just 2 Hours. From LTFS with lowest interest rates. Apply Now http://f49.bz/ib9alW. FinBud"
PROMOTION,"Alert: Your FLAT 25% OFF on purchase of Rs. 2000 is valid for 5 DAYS ONLY
Enjoy your BIRTHDAY shopping @UNLIMITED Fashion store.
Code: CBCEG3K2L5
TnC"
PROMOTION,Get 58% Off on KFC Wednesday Strips Bucket only for you! Order Now! bit.ly/3DDvu8B TnC
PROMOTION,"Dear customer, Congratulations! You are now a Lenskart Gold Member. Shop now to avail exclusive benefits. TnC

App: lskt.me/d6

Store: lskt.me/m7"
PROMOTION,"Dear Customer, Save more with 10% cashback on Samsung products & services with  Axis Bank Samsung Signature Credit Card click 1kx.in/gmRgPs T&C MyMoneyMantra"
PROMOTION,"Dear sir, Get BANK OD upto 5 CRORES Under Govt CGTMSE Scheme in 7 Days. Min 3 Cr Turnover in FY 22-23. Mr.Vignesh 9087123888 BANK STAFF MSME FINANCE T&C"
PROMOTION,"Hi BALAJI, Greetings from FinBud. You are approved for an L & T loan of Rs. 750000. Apply Now http://f49.bz/ibUcKc to get Cash Instantly."
PROMOTION,"Dear user, You earned 18.15 HCs on txn dated 19/07/2023. Valid till 18/07/2025. Redeem them on orders on Apollo24|7 bit.ly/3gwmfPs or at your nearest store."
PROMOTION,"Dear Customer,
Sell your car at a great price!
 
Instant payment & free RC transfer!
 
Call: 9319283992
Or
Visit: bit.ly/3WZXnk1
-CARS24"
PROMOTION,"Dear Customer, Offer Extended, FLAT 3.5% V.A on all gold jewelry, Get Rs.10,000/-Less per carat on diamond jewelry,TC. Prince Jewellery,T: 04443471900."
PROMOTION,"FLASH SALE ALERT
Get *70% OFF* on Fastrack Sunglasses. Hurry, limited time offer!

Shop now: bit.ly/3Df6KmR"
PROMOTION,"Dear Customer, Special OFFER! Enjoy FREE Times Prime Benefit worth Rs.10,000. Apply For Flipkart Axis Bank Credit Card Today>

http://fkrt.it/BgZoJGuuuN"
PROMOTION,"Dear Customer, Congrats on meeting the Axis credit card eligibility. Get FREE 4 Airport Lounge Access. Click 1kx.in/iARyYS to Apply. MyMoneyMantra."
PROMOTION,"Mr/Ms BALAJI, Thangamayil's Aadi Sale 2023, Get Half a poun gold for every 10 pouns of Gold jewelry purchase* Hurry! valid 20-Aug bit.ly/AadPk23"
PROMOTION,"Dear Customer, you're few steps away from completing your Personal loan application. Resume & get loan up to Rs.5 Lakh* in 30secs >

http://fkrt.it/VcTufruuuN"
PROMOTION,"Hey BALAJI , Your loan money of up to Rs 9 Lakh is ready. With Airtel Flexi Credit, avail low interest rates, no paperwork & get loan disbursed within minutes. Apply Now https://i.airtel.in/NPQPL"
PROMOTION,"Tanishq presents biggest exhibition of exquisite Color Stone Mela from 19jul-06Aug @ Gowriwakkam, Chennai. Get 100% exchange of old gold Call 9791010066"
PROMOTION,"Monsoon Sale Alert! Shop pure silk & cotton sarees at Taneira, starting from Rs. 1299. Enjoy flat 20% off* on your favorite picks. Limited time offer. Hurry! Shop now at https://bit.ly/3pIpeZG. *TnC apply."
PROMOTION,Follow Twitter handle @CyberDost of Ministry of Home Affairs to know the safety tips related to cybercrimes.
PROMOTION,"MAX Fashion SALE is Ending soon..Don't miss out!
Get FLAT 50-70% OFF on a wide range of garments, footwear & accessories!
Rush to your nearest store NOW!
TnC"
TRANSACTION,"Pack Valid till 16 Dec 2023. CallCost:Rs0.00 Duration:00:00:44 Bal:Rs0.00.
301=50GB till existing validity, Wynk Premium,365D"
TRANSACTION,A/c XXXXX1796 debited Rs. 300.00 on 22-07-23 to RVS Fuel INC. UPI:320312938480. Not you? SMS BLOCK to 9289592895- Indian Bank
PROMOTION,"Vasanth And Co & Bajaj Finserv brings you cashback upto Rs.6000 on selected mobiles & electronics. Visit now.. Click 
http://bflsms.in/K64GdRgE
. T&C"
PROMOTION,Enjoy endless surprises this Aadi at GRT Jewellers get an assured gift for every purchase you make & Rs.50 per gm extra on old gold exchange. T&C t.ly/FWzHR
PROMOTION,"Hi Customer,
Sell your car for a great price!

- Instant Quote
- Free Home Inspection

Call: 9319977102
Or
Visit: http://gmg.im/dRmr5i
-CARS24"
PROMOTION,"Dear Customer, Triple OFFER: Apply for Flipkart Axis Bank Credit Card. Get 5% Cashback + Rs.1000* Gift Card+ Times Prime Benefits.

http://fkrt.it/y8FO9kNNNN"
TRANSACTION,Rs.1000.00 credited to a/c XXXXX1796 on 22/07/2023 by a/c linked to VPA thirupathi.ns-1@okicici (UPI Ref no 356934516310).-Indian Bank
PROMOTION,"Dear Taxpayer, file your ITR for AY 2023-24 at https://clr.tax/n3Gr5, before 31st July 2023. Avoid last day rush. Ignore if already filed. Team Cleartax."
PROMOTION,"Dear Taxpayer, file your ITR for AY 2023-24 at https://clr.tax/n3Gr5, before 31st July 2023. Avoid last day rush. Ignore if already filed. Team Cleartax."
PROMOTION,"Dear Customer,Visit New TRENDS @OMR Perungudi,MOTI TOWERS. Shop for Rs3999 & Get an Exciting Gift @Rs249 + Coupons worth Rs1500. T&CLocation: bit.ly/3MvRtSK"
PROMOTION,"Dear BALAJI THILAGAR, renew your HDFC ERGO 2 wheeler insurance policy 2312100332919003 bearing Reg. no TN-67-BX-1878 before Aug 21, 2023. Renew instantly at 
http://hegi.org/Q3M_ppA0"
PROMOTION,"Do not miss out on superior indoor coverage with Airtel WiFi Calling! For better experience, change your smartphone settings today. Click u.airtel.in/hKOOl5"
TRANSACTION,A/c XXXXX1796 debited Rs. 990.00 on 23-07-23 to SENTHILKUMAR  JAYARA. UPI:320435772325. Not you? SMS BLOCK to 9289592895- Indian Bank
PROMOTION,"Pack Valid till 16 Dec 2023. CallCost:Rs0.00 Duration:00:01:23 Bal:Rs0.00.
181=1GB/D,30D. Benefit is over,above existing pack"
PROMOTION,"Hi Customer,
Sell your car for a great price!

- Instant Quote
- Free Home Inspection

Call: 9319977102
Or
Visit: http://gmg.im/5Sgyj
-CARS24"
PROMOTION,"Last Day: FLAT 25% OFF on purchase of Rs. 2000.
Hurry!! Shop today at your nearest UNLIMITED Fashion store to avail the benefit. TnC
Code: CBCEG3K2L5"
TRANSACTION,A/c XXXXX1796 debited Rs. 1091.80 on 23-07-23 to IRCTC Web UPI. UPI:320439469703. Not you? SMS BLOCK to 9289592895- Indian Bank
TRANSACTION,"PNR:4352005296,TRN:12661,DOJ:24-07-23,SL,MS-SVKS,DP:20:40,Boarding at MS only,
SEETHALAKSHMI+1,S5 9,S5 12,
Fare:1080,C Fee:11.8+PG
QR Code URL qr.indian -IRCTC"
PROMOTION,"Dear Customer, 
Shop with Flipkart Axis Super Elite Credit Card &
Earn 4X SuperCoins & More!

Shop at Flipkart >
http://fkrt.it/v1h8MkNNNN"
TRANSACTION,A/c XXXXX1796 debited Rs. 373.69 on 23-07-23 to Jio Postpaid Bill Payment. UPI:320442117806. Not you? SMS BLOCK to 9289592895- Indian Bank
PROMOTION,"Hello BALAJI, Financial freedom awaits! Get a hassle-free Personal Loan up to Rs. 7 Lakhs. Apply now at http://f49.bz/ie9YDw. FinBud"
TRANSACTION,Rs.1100.00 credited to a/c XXXXX1796 on 23/07/2023 by a/c linked to VPA thirupathi.ns-1@okicici (UPI Ref no 320438854990).-Indian Bank
TRANSACTION,A/c XXXXX1796 debited Rs. 390.00 on 23-07-23 to NEEDS. UPI:320447825923. Not you? SMS BLOCK to 9289592895- Indian Bank
TRANSACTION,A/c XXXXX1796 debited Rs. 120.00 on 23-07-23 to SUBASH C. UPI:320452928479. Not you? SMS BLOCK to 9289592895- Indian Bank
TRANSACTION,Rs.15000.00 credited to a/c XXXXX1796 on 24/07/2023 by a/c linked to VPA archudhanapathi@okaxis (UPI Ref no 320517223154).-Indian Bank
PROMOTION,"Dear BALAJI, 
You & baby will love this one. Get upto 50% OFF. Avail 2-hr* delivery too! Tap https://ftex.in/wpq0o9 Apollo24|7"
PROMOTION,"Hi there, you can get FLAT 250 Off on Myntra with 232 Points earned via HDFC Times Points Debit Card. HURRY! *T&C https://bit.ly/475kZIn"
PROMOTION,"Dear Taxpayer, file your ITR for AY 2023-24 at https://clr.tax/n3Gr5, before 31st July 2023. Avoid last day rush. Ignore if already filed. Team Cleartax."
PROMOTION,"Dear Taxpayer, file your ITR for AY 2023-24 at https://clr.tax/n3Gr5, before 31st July 2023. Avoid last day rush. Ignore if already filed. Team Cleartax."
TRANSACTION,"PNR-4352005296
Trn:12661
Dt:24-07-23
Frm MS to SVKS
Cls:SL
P1-S5,9
P2-S5,12
Boarding allowed from MS
Chart Prepared
For Enquiry/Complaint/Assistance,please dial 139
Indian Railway"
TRANSACTION,A/c XXXXX1796 debited Rs. 400.00 on 24-07-23 to ABI MOBILE TECH. UPI:320575446294. Not you? SMS BLOCK to 9289592895- Indian Bank
PROMOTION,"Dear Balaji B
Thanks for shopping @Max! Click on the link below to get your E-Invoice & SURPRISE offers on Max Fashion WhatsApp! 
https://bit.ly/3mlMW8f"
PROMOTION,"Dear Balaji B
Thanks for shopping @Max! Click on the link below to get your E-Invoice & SURPRISE offers on Max Fashion WhatsApp! 
https://bit.ly/3mlMW8f"
PROMOTION,"Dear Balaji B
Thanks for shopping @Max! Click on the link below to get your E-Invoice & SURPRISE offers on Max Fashion WhatsApp! 
https://bit.ly/3mlMW8f"
PROMOTION,"Dear Balaji B
Thanks for shopping @Max! Click on the link below to get your E-Invoice & SURPRISE offers on Max Fashion WhatsApp! 
https://bit.ly/3mlMW8f"
PROMOTION,"Dear Customer, Health Insurance now at affordable prices. Protect your family with Niva Bupa Health Insurance Plans. Visit https://eej.at/RgFq5C0d"
PROMOTION,"Dear Customer, Health Insurance now at affordable prices. Protect your family with Niva Bupa Health Insurance Plans. Visit https://eej.at/sdP2yGGE"
TRANSACTION,HDFC Bank: Tirupathi Tirumala Devasthanams has requested Rs. 1150.00 from you through UPI. To authorize debit from your account please login to your UPI App. To pay instantly click here hdfcbk.io/a/JAoVy9M2
TRANSACTION,A/c XXXXX1796 debited Rs. 1150.00 on 25-07-23 to Tirupathi Tirumala Devasthanams. UPI:320612683406. Not you? SMS BLOCK to 9289592895- Indian Bank
TRANSACTION,"Dear XXXXXXXX5339,your passbook balance against TNMAS00504760000000154 is Rs. 13,02,625/-. Contribution of Rs. 21,248/- for due month Jul-23 has been received."
PROMOTION,"Dear Taxpayer, file your ITR for AY 2023-24 at https://clr.tax/n3Gr5, before 31st July 2023. Avoid last day rush. Ignore if already filed. Team Cleartax."
PROMOTION,"Dear Taxpayer, file your ITR for AY 2023-24 at https://clr.tax/n3Gr5, before 31st July 2023. Avoid last day rush. Ignore if already filed. Team Cleartax."
PROMOTION,"Hello , Financial freedom awaits! Get a hassle-free Personal Loan up to Rs. 7 Lakhs. Apply now at http://f49.bz/ifiqhy. FinBud"
PROMOTION,"Dear Learner, Pursue M.Tech in Data Science along with a full-time career. Apply Now: weurl.co/cvVnOJ -SRMIST"
PROMOTION,"Dear Customer, your SuperCoins are Expiring! Use to Grab FREE Pizzas, Earbuds, OTT Subscriptions & More! 

Redeem at Flipkart Now >
http://fkrt.it/WW3QfkNNNN"
PROMOTION,Did you know that solutions with Red QC badges do not get paid? Earn Green Badges in your next QC thru the best practices @ bit.ly/CheggRatings CHEGG
TRANSACTION,"Pack Valid till 16 Dec 2023. CallCost:Rs0.00 Duration:00:00:17 Bal:Rs0.00.
181=1GB/D,30D. Benefit is over,above existing pack"
TRANSACTION,You've spent Rs.971 On HDFC Bank CREDIT Card xx6398 At ..PROGRESS GASTRO  On 2023-07-25:19:59:12 Avl bal: Rs.442033 Curr O/s: Rs.83967 Not you?Call 18002586161
TRANSACTION,A/c XXXXX1796 debited Rs. 45.00 on 25-07-23 to SELVAKUMAR J. UPI:320605066205. Not you? SMS BLOCK to 9289592895- Indian Bank
TRANSACTION,A/c XXXXX1796 debited Rs. 25.00 on 25-07-23 to Mr N Ganesan GANESAN. UPI:320605208937. Not you? SMS BLOCK to 9289592895- Indian Bank
PROMOTION,"Dear Customer,

We Guarantee to provide lowest Air-Fare or else We pay u double of the difference.

EaseMyTrip Care Team
Hurry! Book now.
https://emt.bio/SxtstR"
PROMOTION,"Before dealing with Investment Advisor (IA), check if it is registered with SEBI. Click https://eej.at/mapCdaiq for list of registered IAs - NSE"
PROMOTION,"Dear Balaji B
Thanks for shopping @Max! Click on the link below to get your E-Invoice & SURPRISE offers on Max Fashion WhatsApp! 
https://bit.ly/3mlMW8f"
PROMOTION,"Dear Balaji B
Thanks for shopping @Max! Click on the link below to get your E-Invoice & SURPRISE offers on Max Fashion WhatsApp! 
https://bit.ly/3mlMW8f"
PROMOTION,"Dear Balaji B
Thanks for shopping @Max! Click on the link below to get your E-Invoice & SURPRISE offers on Max Fashion WhatsApp! 
https://bit.ly/3mlMW8f"
TRANSACTION,Rs.1000.00 credited to a/c XXXXX1796 on 26/07/2023 by a/c linked to VPA archudhanapathi@okaxis (UPI Ref no 320775754661).-Indian Bank
TRANSACTION,Rs.1000.00 credited to a/c XXXXX1796 on 26/07/2023 by a/c linked to VPA archudhanapathi@okaxis (UPI Ref no 320777327215).-Indian Bank
PROMOTION,"Dear Balaji B
Thanks for shopping @Max! Click on the link below to get your E-Invoice & SURPRISE offers on Max Fashion WhatsApp! 
https://bit.ly/3mlMW8f"
PROMOTION,"Dear Balaji B
Thanks for shopping @Max! Click on the link below to get your E-Invoice & SURPRISE offers on Max Fashion WhatsApp! 
https://bit.ly/3mlMW8f"
PROMOTION,"Dear Balaji B
Thanks for shopping @Max! Click on the link below to get your E-Invoice & SURPRISE offers on Max Fashion WhatsApp! 
https://bit.ly/3mlMW8f"
PROMOTION,"Dear Balaji B
Thanks for shopping @Max! Click on the link below to get your E-Invoice & SURPRISE offers on Max Fashion WhatsApp! 
https://bit.ly/3mlMW8f"
PROMOTION,"Dear Tax Payer,
File your ITR from your myITreturn.com account before 31st July to avoid penalty upto Rs.5000. You can file for Rs. 199. ERI, -myITreturn"
TRANSACTION,OTP is 763555 for txn of INR 1241.22 at IRCTC on HDFC Bank card ending 6398. Valid till 12:44:20. Do not share OTP for security reasons
TRANSACTION,You've spent Rs.1241.22 On HDFC Bank CREDIT Card xx6398 At IRCTC On 2023-07-26:12:41:42 Avl bal: Rs.440791.78 Curr O/s: Rs.85208.22 Not you?Call 18002586161
TRANSACTION,You've spent Rs.1241.22 On HDFC Bank CREDIT Card xx6398 At IRCTC On 2023-07-26:12:45:50 Avl bal: Rs.439551.50 Curr O/s: Rs.86448.50 Not you?Call 18002586161
PROMOTION,"Dear Taxpayer, file your ITR for AY 2023-24 at https://clr.tax/n3Gr5, before 31st July 2023. Avoid last day rush. Ignore if already filed. Team Cleartax."
PROMOTION,"Dear Taxpayer, file your ITR for AY 2023-24 at https://clr.tax/n3Gr5, before 31st July 2023. Avoid last day rush. Ignore if already filed. Team Cleartax."
PROMOTION,"Dear Customer,

Cash loan by Prefr from Rs.10,000 to Rs.3,00,000

No Hidden Charges & Direct Transfer to your Bank A/C.

Click - http://1kx.in/yOFu1C AB Finance"
PROMOTION,58% Off for you on Wednesday Bucket. Enjoy the mid-week munching with KFC. Order now. bit.ly/44CRhJa TnC
